Date,Drawdown
2016-10-03,0.0
2016-10-04,0.0
2016-10-05,0.0
2016-10-06,0.0
2016-10-07,0.0
2016-10-10,0.0
2016-10-11,0.0
2016-10-12,0.0
2016-10-13,0.0
2016-10-14,0.0
2016-10-17,0.0
2016-10-18,0.0
2016-10-19,0.0
2016-10-20,0.0
2016-10-21,0.0
2016-10-24,0.0
2016-10-25,0.0
2016-10-26,0.0
2016-10-27,0.0
2016-10-28,0.0
2016-10-31,0.0
2016-11-01,0.0
2016-11-02,0.0
2016-11-03,0.0
2016-11-04,0.0
2016-11-07,0.0
2016-11-08,0.0
2016-11-09,0.0
2016-11-10,0.0
2016-11-11,0.0
2016-11-14,0.0
2016-11-15,0.0
2016-11-16,0.0
2016-11-17,0.0
2016-11-18,0.0
2016-11-21,0.0
2016-11-22,0.0
2016-11-23,0.0
2016-11-24,0.0
2016-11-25,0.0
2016-11-28,0.0
2016-11-29,0.0
2016-11-30,0.0
2016-12-01,0.0
2016-12-02,0.0
2016-12-05,0.0
2016-12-06,0.0
2016-12-07,0.0
2016-12-08,0.0
2016-12-09,0.0
2016-12-12,0.0
2016-12-13,0.0
2016-12-14,0.0
2016-12-15,0.0
2016-12-16,0.0
2016-12-19,0.0
2016-12-20,0.0
2016-12-21,0.0
2016-12-22,0.0
2016-12-23,0.0
2016-12-26,0.0
2016-12-27,0.0
2016-12-28,0.0
2016-12-29,0.0
2016-12-30,0.0
2017-01-02,0.0
2017-01-03,0.0
2017-01-04,0.0
2017-01-05,0.0
2017-01-06,0.0
2017-01-09,0.0
2017-01-10,0.0
2017-01-11,0.0
2017-01-12,0.0
2017-01-13,0.0
2017-01-16,0.0
2017-01-17,0.0
2017-01-18,0.0
2017-01-19,0.0
2017-01-20,0.0
2017-01-23,0.0
2017-01-24,0.0
2017-01-25,0.0
2017-01-26,0.0
2017-01-27,0.0
2017-01-30,0.0
2017-01-31,0.0
2017-02-01,0.0
2017-02-02,0.0
2017-02-03,0.0
2017-02-06,0.0
2017-02-07,0.0
2017-02-08,0.0
2017-02-09,0.0
2017-02-10,0.0
2017-02-13,0.0
2017-02-14,0.0
2017-02-15,0.0
2017-02-16,0.0
2017-02-17,0.0
2017-02-20,0.0
2017-02-21,0.0
2017-02-22,0.0
2017-02-23,0.0
2017-02-24,0.0
2017-02-27,0.0
2017-02-28,0.0
2017-03-01,0.0
2017-03-02,0.0
2017-03-03,0.0
2017-03-06,0.0
2017-03-07,0.0
2017-03-08,0.0
2017-03-09,0.0
2017-03-10,0.0
2017-03-13,0.0
2017-03-14,0.0
2017-03-15,0.0
2017-03-16,0.0
2017-03-17,0.0
2017-03-20,0.0
2017-03-21,0.0
2017-03-22,0.0
2017-03-23,0.0
2017-03-24,0.0
2017-03-27,0.0
2017-03-28,0.0
2017-03-29,0.0
2017-03-30,0.0
2017-03-31,0.0
2017-04-03,0.0
2017-04-04,0.0
2017-04-05,0.0
2017-04-06,0.0
2017-04-07,0.0
2017-04-10,0.0
2017-04-11,0.0
2017-04-12,0.0
2017-04-13,0.0
2017-04-14,0.0
2017-04-17,0.0
2017-04-18,0.0
2017-04-19,0.0
2017-04-20,0.0
2017-04-21,0.0
2017-04-24,0.0
2017-04-25,0.0
2017-04-26,0.0
2017-04-27,0.0
2017-04-28,0.0
2017-05-01,0.0
2017-05-02,0.0
2017-05-03,0.0
2017-05-04,0.0
2017-05-05,0.0
2017-05-08,0.0
2017-05-09,0.0
2017-05-10,0.0
2017-05-11,0.0
2017-05-12,0.0
2017-05-15,0.0
2017-05-16,0.0
2017-05-17,0.0
2017-05-18,0.0
2017-05-19,0.0
2017-05-22,0.0
2017-05-23,0.0
2017-05-24,0.0
2017-05-25,0.0
2017-05-26,0.0
2017-05-29,0.0
2017-05-30,0.0
2017-05-31,0.0
2017-06-01,0.0
2017-06-02,0.0
2017-06-05,0.0
2017-06-06,0.0
2017-06-07,0.0
2017-06-08,0.0
2017-06-09,0.0
2017-06-12,0.0
2017-06-13,0.0
2017-06-14,0.0
2017-06-15,0.0
2017-06-16,0.0
2017-06-19,0.0
2017-06-20,0.0
2017-06-21,0.0
2017-06-22,0.0
2017-06-23,0.0
2017-06-26,0.0
2017-06-27,0.0
2017-06-28,0.0
2017-06-29,0.0
2017-06-30,0.0
2017-07-03,0.0
2017-07-04,0.0
2017-07-05,0.0
2017-07-06,0.0
2017-07-07,0.0
2017-07-10,0.0
2017-07-11,0.0
2017-07-12,0.0
2017-07-13,0.0
2017-07-14,0.0
2017-07-17,0.0
2017-07-18,0.0
2017-07-19,0.0
2017-07-20,0.0
2017-07-21,0.0
2017-07-24,0.0
2017-07-25,0.0
2017-07-26,0.0
2017-07-27,0.0
2017-07-28,0.0
2017-07-31,0.0
2017-08-01,0.0
2017-08-02,0.0
2017-08-03,0.0
2017-08-04,0.0
2017-08-07,0.0
2017-08-08,0.0
2017-08-09,0.0
2017-08-10,0.0
2017-08-11,0.0
2017-08-14,0.0
2017-08-15,0.0
2017-08-16,0.0
2017-08-17,0.0
2017-08-18,0.0
2017-08-21,0.0
2017-08-22,0.0
2017-08-23,0.0
2017-08-24,0.0
2017-08-25,0.0
2017-08-28,0.0
2017-08-29,0.0
2017-08-30,0.0
2017-08-31,0.0
2017-09-01,0.0
2017-09-04,0.0
2017-09-05,0.0
2017-09-06,0.0
2017-09-07,0.0
2017-09-08,0.0
2017-09-11,0.0
2017-09-12,0.0
2017-09-13,0.0
2017-09-14,0.0
2017-09-15,0.0
2017-09-18,0.0
2017-09-19,0.0
2017-09-20,0.0
2017-09-21,0.0
2017-09-22,0.0
2017-09-25,0.0
2017-09-26,0.0
2017-09-27,0.0
2017-09-28,0.0
2017-09-29,0.0
2017-10-02,0.0
2017-10-03,0.0
2017-10-04,0.0
2017-10-05,0.0
2017-10-06,0.0
2017-10-09,0.0
2017-10-10,0.0
2017-10-11,0.0
2017-10-12,0.0
2017-10-13,0.0
2017-10-16,0.0
2017-10-17,0.0
2017-10-18,0.0
2017-10-19,0.0
2017-10-20,0.0
2017-10-23,0.0
2017-10-24,0.0
2017-10-25,0.0
2017-10-26,0.0
2017-10-27,0.0
2017-10-30,0.0
2017-10-31,0.0
2017-11-01,0.0
2017-11-02,0.0
2017-11-03,0.0
2017-11-06,0.0
2017-11-07,0.0
2017-11-08,0.0
2017-11-09,0.0
2017-11-10,0.0
2017-11-13,0.0
2017-11-14,0.0
2017-11-15,0.0
2017-11-16,0.0
2017-11-17,0.0
2017-11-20,0.0
2017-11-21,0.0
2017-11-22,0.0
2017-11-23,0.0
2017-11-24,0.0
2017-11-27,0.0
2017-11-28,0.0
2017-11-29,0.0
2017-11-30,0.0
2017-12-01,0.0
2017-12-04,0.0
2017-12-05,0.0
2017-12-06,0.0
2017-12-07,0.0
2017-12-08,0.0
2017-12-11,0.0
2017-12-12,0.0
2017-12-13,0.0
2017-12-14,0.0
2017-12-15,0.0
2017-12-18,0.0
2017-12-19,0.0
2017-12-20,0.0
2017-12-21,0.0
2017-12-22,0.0
2017-12-25,0.0
2017-12-26,0.0
2017-12-27,0.0
2017-12-28,0.0
2017-12-29,0.0
2018-01-01,0.0
2018-01-02,0.0
2018-01-03,0.0
2018-01-04,0.0
2018-01-05,0.0
2018-01-08,0.0
2018-01-09,0.0
2018-01-10,0.0
2018-01-11,0.0
2018-01-12,0.0
2018-01-15,0.0
2018-01-16,0.0
2018-01-17,0.0
2018-01-18,-0.0014931216452318
2018-01-19,-0.0002585527456481
2018-01-22,0.0
2018-01-23,0.0
2018-01-24,0.0
2018-01-25,0.0
2018-01-26,-0.0008758699233472
2018-01-29,-0.0002445358325916
2018-01-30,-0.0052008509136284
2018-01-31,-0.0038839837084098
2018-02-01,-0.0037116751245168
2018-02-02,-0.0076488044477535
2018-02-05,-0.0126950958021292
2018-02-06,-0.0139368169138032
2018-02-07,-0.0242591230936782
2018-02-08,-0.0215336994734749
2018-02-09,-0.0210129893435997
2018-02-12,-0.0258489546334641
2018-02-13,-0.0296222126393621
2018-02-14,-0.0248882776307807
2018-02-15,-0.0239496040030726
2018-02-16,-0.024447376639338
2018-02-19,-0.0244414263676366
2018-02-20,-0.0305056438903101
2018-02-21,-0.0326964119698726
2018-02-22,-0.030241303343531
2018-02-23,-0.028325161460021
2018-02-26,-0.0286416195169438
2018-02-27,-0.0313860281109096
2018-02-28,-0.034826521044832
2018-03-01,-0.0364804443077798
2018-03-02,-0.0319091784081854
2018-03-05,-0.0328712634676929
2018-03-06,-0.0356458864110599
2018-03-07,-0.0402230460648314
2018-03-08,-0.0411255310321643
2018-03-09,-0.0434359193420061
2018-03-12,-0.0472098699313227
2018-03-13,-0.0487757613110748
2018-03-14,-0.0490273984258616
2018-03-15,-0.0480090129204695
2018-03-16,-0.047407633881208
2018-03-19,-0.0452371191479086
2018-03-20,-0.0440740901299304
2018-03-21,-0.0394986607683371
2018-03-22,-0.0353255019530863
2018-03-23,-0.0264874682824957
2018-03-26,-0.0274171666734877
2018-03-27,-0.0329033692155484
2018-03-28,-0.0368998971556868
2018-03-29,-0.0407123442761419
2018-03-30,-0.040837577626048
2018-04-02,-0.0448587449836028
2018-04-03,-0.0449830548451017
2018-04-04,-0.0453773453950301
2018-04-05,-0.0512335290575066
2018-04-06,-0.0535353140261022
2018-04-09,-0.0523821863155795
2018-04-10,-0.0488340789247043
2018-04-11,-0.0443944631584146
2018-04-12,-0.0482362957354748
2018-04-13,-0.047862866150072
2018-04-16,-0.0510241910553668
2018-04-17,-0.0516010777552142
2018-04-18,-0.0480552937091834
2018-04-19,-0.0495425857849527
2018-04-20,-0.0521401899732834
2018-04-23,-0.0507594284883298
2018-04-24,-0.0498385241288681
2018-04-25,-0.0490786175391774
2018-04-26,-0.0512733465727969
2018-04-27,-0.0514559448506163
2018-04-30,-0.049944009154457
2018-05-01,-0.0502303676854749
2018-05-02,-0.0515226969504437
2018-05-03,-0.0509916443721147
2018-05-04,-0.0496793357503427
2018-05-07,-0.0456436444707457
2018-05-08,-0.0492045246735869
2018-05-09,-0.0404854332026791
2018-05-10,-0.0428379720137779
2018-05-11,-0.0445919634298045
2018-05-14,-0.0430936272535544
2018-05-15,-0.03998007175158
2018-05-16,-0.0370826831852333
2018-05-17,-0.0355014070804416
2018-05-18,-0.0380411742305694
2018-05-21,-0.0342539305271445
2018-05-22,-0.0340827878507954
2018-05-23,-0.0382268461262995
2018-05-24,-0.0438885382126129
2018-05-25,-0.049432638996696
2018-05-28,-0.0482616053345607
2018-05-29,-0.0534701765619387
2018-05-30,-0.0466297278367161
2018-05-31,-0.0455645842469047
2018-06-01,-0.049535439187743
2018-06-04,-0.0541919938150827
2018-06-05,-0.0562165778969144
2018-06-06,-0.0583001476186491
2018-06-07,-0.0558596802895662
2018-06-08,-0.0576279780068772
2018-06-11,-0.0583854377114584
2018-06-12,-0.0598475770772395
2018-06-13,-0.0571814561747463
2018-06-14,-0.0615431703616956
2018-06-15,-0.0666317644017171
2018-06-18,-0.0727510344075004
2018-06-19,-0.07649415542413
2018-06-20,-0.0707113234235098
2018-06-21,-0.0673159551050273
2018-06-22,-0.0749647394338091
2018-06-25,-0.0751018002664153
2018-06-26,-0.0739566110032525
2018-06-27,-0.0694806446735991
2018-06-28,-0.0670041318374695
2018-06-29,-0.0682175916014118
2018-07-02,-0.070556925751706
2018-07-03,-0.0726127821362481
2018-07-04,-0.0741412904013196
2018-07-05,-0.0775749372252231
2018-07-06,-0.0769056037400854
2018-07-09,-0.0779163207946573
2018-07-10,-0.0754244315304565
2018-07-11,-0.0831386509356491
2018-07-12,-0.0829867995479851
2018-07-13,-0.0800939182585892
2018-07-16,-0.0830337490745514
2018-07-17,-0.0789247883313812
2018-07-18,-0.0770297260411052
2018-07-19,-0.0778796234663422
2018-07-20,-0.0805673809832825
2018-07-23,-0.0799826935562738
2018-07-24,-0.0856034077437495
2018-07-25,-0.0902566237384044
2018-07-26,-0.0942924778783906
2018-07-27,-0.1000109099013529
2018-07-30,-0.0985037512748769
2018-07-31,-0.0983107232790996
2018-08-01,-0.0944154737645933
2018-08-02,-0.0982078591386504
2018-08-03,-0.098328458174096
2018-08-06,-0.0958010989155327
2018-08-07,-0.0954205403495521
2018-08-08,-0.091578952943797
2018-08-09,-0.0921921368626733
2018-08-10,-0.0911098865928133
2018-08-13,-0.0879007291844208
2018-08-14,-0.0846177747711747
2018-08-15,-0.0794288706022566
2018-08-16,-0.0839170189375265
2018-08-17,-0.0814371848213062
2018-08-20,-0.0861217831194659
2018-08-21,-0.0884447056700938
2018-08-22,-0.0925712411670127
2018-08-23,-0.0897912950987485
2018-08-24,-0.0969244905498206
2018-08-27,-0.1030134885244602
2018-08-28,-0.1040106452614337
2018-08-29,-0.1020924012073413
2018-08-30,-0.1014463729565321
2018-08-31,-0.0987791074760379
2018-09-03,-0.0989829713188568
2018-09-04,-0.1043164609256401
2018-09-05,-0.1074410615132279
2018-09-06,-0.1049101426253704
2018-09-07,-0.1026102125120099
2018-09-10,-0.1070323417929893
2018-09-11,-0.1091370375691772
2018-09-12,-0.11103269893121
2018-09-13,-0.1164021943296664
2018-09-14,-0.1145026899727709
2018-09-17,-0.1188863128201764
2018-09-18,-0.1173798712597995
2018-09-19,-0.1181030740019004
2018-09-20,-0.1173129536594089
2018-09-21,-0.1190751734872458
2018-09-24,-0.1142575521510993
2018-09-25,-0.1105646452813794
2018-09-26,-0.1142577282873095
2018-09-27,-0.10815050101082
2018-09-28,-0.110756931689946
2018-10-01,-0.1005021219725451
2018-10-02,-0.1017880215561518
2018-10-03,-0.0950404275683343
2018-10-04,-0.1004783913406696
2018-10-05,-0.1027251324019695
2018-10-08,-0.0938825144061191
2018-10-09,-0.0946646476222262
2018-10-10,-0.0941637397483766
2018-10-11,-0.1050070911966355
2018-10-12,-0.1130442328508076
2018-10-15,-0.105814729935654
2018-10-16,-0.1114311404987837
2018-10-17,-0.1043445885391214
2018-10-18,-0.1093530355600674
2018-10-19,-0.1072341773253263
2018-10-22,-0.1123494959828498
2018-10-23,-0.1024618048902131
2018-10-24,-0.1007744394915305
2018-10-25,-0.1045689225147085
2018-10-26,-0.1024063952986633
2018-10-29,-0.1035072170789174
2018-10-30,-0.097214841799729
2018-10-31,-0.0971973437418605
2018-11-01,-0.1018955013702483
2018-11-02,-0.1050298738857631
2018-11-05,-0.1012523785917787
2018-11-06,-0.0992420452951456
2018-11-07,-0.1023470670236501
2018-11-08,-0.0998303393253455
2018-11-09,-0.0948644083184995
2018-11-12,-0.0902987807564478
2018-11-13,-0.0789099590971098
2018-11-14,-0.0726052765136631
2018-11-15,-0.0810332571529016
2018-11-16,-0.0788510528953785
2018-11-19,-0.0761785727147263
2018-11-20,-0.066822328396782
2018-11-21,-0.0706992455139112
2018-11-22,-0.0695368136799062
2018-11-23,-0.0620257293236372
2018-11-26,-0.0675483912329968
2018-11-27,-0.0665854019357988
2018-11-28,-0.0640794131318864
2018-11-29,-0.0674367504320102
2018-11-30,-0.0658194586081526
2018-12-03,-0.0747602043762173
2018-12-04,-0.0728562232327328
2018-12-05,-0.0721701939512338
2018-12-06,-0.065612299184081
2018-12-07,-0.0676421981525514
2018-12-10,-0.0627453910896312
2018-12-11,-0.0673073447586389
2018-12-12,-0.0705283526398757
2018-12-13,-0.0744057246217875
2018-12-14,-0.0715276720129164
2018-12-17,-0.0681291170176195
2018-12-18,-0.051786332425572
2018-12-19,-0.0569368997591277
2018-12-20,-0.0467801203057129
2018-12-21,-0.0452552052262327
2018-12-24,-0.0355397185156705
2018-12-25,-0.0363018080405295
2018-12-26,-0.0548288838219033
2018-12-27,-0.0460788145537568
2018-12-28,-0.0501313483527707
2018-12-31,-0.0520007859430883
2019-01-01,-0.0518445450330798
2019-01-02,-0.0540260494143214
2019-01-03,-0.048659557501782
2019-01-04,-0.0595464599619067
2019-01-07,-0.0605698898728729
2019-01-08,-0.0650651089902824
2019-01-09,-0.0705220703909981
2019-01-10,-0.0713991211995414
2019-01-11,-0.070632627539055
2019-01-14,-0.0705574546861272
2019-01-15,-0.0759376149176396
2019-01-16,-0.0782102549729294
2019-01-17,-0.0787161759280287
2019-01-18,-0.0871834897561961
2019-01-21,-0.0879313611667151
2019-01-22,-0.0813583094824101
2019-01-23,-0.0809834930502296
2019-01-24,-0.0822491506253352
2019-01-25,-0.0835171472076108
2019-01-28,-0.0763772839415914
2019-01-29,-0.0802475631412938
2019-01-30,-0.0822092301119363
2019-01-31,-0.080157435788028
2019-02-01,-0.0808243336760409
2019-02-04,-0.0812393133259936
2019-02-05,-0.081023477041402
2019-02-06,-0.0820051896437054
2019-02-07,-0.0791516636816391
2019-02-08,-0.079511869668619
2019-02-11,-0.0804484975757959
2019-02-12,-0.0815830345489262
2019-02-13,-0.0818943474366841
2019-02-14,-0.0807483380678163
2019-02-15,-0.0834066794775203
2019-02-18,-0.0839333480750658
2019-02-19,-0.0837410904284549
2019-02-20,-0.0820797664601575
2019-02-21,-0.0884163111982215
2019-02-22,-0.0878243736370194
2019-02-25,-0.0945871287996064
2019-02-26,-0.095394259396816
2019-02-27,-0.093444977706817
2019-02-28,-0.0941576860290923
2019-03-01,-0.0983051053973286
2019-03-04,-0.0990239855736476
2019-03-05,-0.098938668381171
2019-03-06,-0.0969034017060765
2019-03-07,-0.098764826921994
2019-03-08,-0.1009801298265422
2019-03-11,-0.09512652918799
2019-03-12,-0.0932079859369631
2019-03-13,-0.0954574303124951
2019-03-14,-0.0985754211257321
2019-03-15,-0.0932976405978638
2019-03-18,-0.0961973748533613
2019-03-19,-0.0964171450704636
2019-03-20,-0.0946600010128444
2019-03-21,-0.0947637988229015
2019-03-22,-0.0948327359279728
2019-03-25,-0.0929394665626768
2019-03-26,-0.0922198589170724
2019-03-27,-0.0912111083266951
2019-03-28,-0.0930498284737428
2019-03-29,-0.0846954491919609
2019-04-01,-0.0879812666057729
2019-04-02,-0.0859476634252307
2019-04-03,-0.0833047280073129
2019-04-04,-0.0855098019301282
2019-04-05,-0.0851865013813236
2019-04-08,-0.0820359442799485
2019-04-09,-0.0838881480664979
2019-04-10,-0.0830014573913616
2019-04-11,-0.0872744317626778
2019-04-12,-0.0826078675636158
2019-04-15,-0.0816564091903143
2019-04-16,-0.080197731576281
2019-04-17,-0.0751931119683655
2019-04-18,-0.0759694091721523
2019-04-19,-0.0761146448400017
2019-04-22,-0.0774531992557171
2019-04-23,-0.0738939207073283
2019-04-24,-0.0750206992079935
2019-04-25,-0.0807036402898623
2019-04-26,-0.0862737963504094
2019-04-29,-0.093172382912861
2019-04-30,-0.0925265058919498
2019-05-01,-0.0966856676705422
2019-05-02,-0.0998973710624397
2019-05-03,-0.0960316450026376
2019-05-06,-0.0940106153955863
2019-05-07,-0.1003043976045621
2019-05-08,-0.1073572455480121
2019-05-09,-0.1078093561846869
2019-05-10,-0.1092389923551053
2019-05-13,-0.1157853045552029
2019-05-14,-0.1224712250500011
2019-05-15,-0.1178541157827905
2019-05-16,-0.1206701615373836
2019-05-17,-0.122803041960477
2019-05-20,-0.1267439492330151
2019-05-21,-0.124686540878058
2019-05-22,-0.1195617305829968
2019-05-23,-0.1250314759148848
2019-05-24,-0.1287006718169654
2019-05-27,-0.1289815669894541
2019-05-28,-0.1260706637478685
2019-05-29,-0.1271028473129613
2019-05-30,-0.1175071448884528
2019-05-31,-0.1062482126689846
2019-06-03,-0.0959057630984993
2019-06-04,-0.1031541690296985
2019-06-05,-0.0976606144322201
2019-06-06,-0.0971065638579543
2019-06-07,-0.0992053778941666
2019-06-10,-0.1007332928872509
2019-06-11,-0.1022651610317972
2019-06-12,-0.0972876092395166
2019-06-13,-0.0957631664561565
2019-06-14,-0.0990885283214804
2019-06-17,-0.0975752098735585
2019-06-18,-0.0956030451274648
2019-06-19,-0.0938574092966066
2019-06-20,-0.0875135865198922
2019-06-21,-0.0883888498692636
2019-06-24,-0.0980656320716351
2019-06-25,-0.0994736510677349
2019-06-26,-0.0996193597927768
2019-06-27,-0.1020421943484243
2019-06-28,-0.101053282174207
2019-07-01,-0.0999232089345421
2019-07-02,-0.0980026563482511
2019-07-03,-0.0976518343106608
2019-07-04,-0.0973398460889841
2019-07-05,-0.117171020075057
2019-07-08,-0.1166251272049526
2019-07-09,-0.1193621134707665
2019-07-10,-0.1206126029269533
2019-07-11,-0.1218549045699349
2019-07-12,-0.1227397625241395
2019-07-15,-0.1240580616923365
2019-07-16,-0.1220277367452468
2019-07-17,-0.1197292170967837
2019-07-18,-0.1163821406832057
2019-07-19,-0.1166452850176374
2019-07-22,-0.1203698972502069
2019-07-23,-0.1204759080353081
2019-07-24,-0.116025428628937
2019-07-25,-0.1201737190702737
2019-07-26,-0.1158847239978114
2019-07-29,-0.1139452500116107
2019-07-30,-0.1138131522653087
2019-07-31,-0.1248652636964084
2019-08-01,-0.121961428625544
2019-08-02,-0.1214973673124197
2019-08-05,-0.1135128789734239
2019-08-06,-0.1123711613889378
2019-08-07,-0.1050311527384141
2019-08-08,-0.1106302853414091
2019-08-09,-0.1136493881156436
2019-08-12,-0.1108877925947514
2019-08-13,-0.1177585079152429
2019-08-14,-0.1184560791569078
2019-08-15,-0.1171229516670656
2019-08-16,-0.1200312419981911
2019-08-19,-0.1262852420377606
2019-08-20,-0.1238863531464921
2019-08-21,-0.1246397851219435
2019-08-22,-0.1246785942204692
2019-08-23,-0.1196173676571572
2019-08-26,-0.121076596028386
2019-08-27,-0.1210816152487835
2019-08-28,-0.1245289853660938
2019-08-29,-0.1298477858638258
2019-08-30,-0.1279485062667419
2019-09-02,-0.1266636835730039
2019-09-03,-0.115582087001009
2019-09-04,-0.1255009708113509
2019-09-05,-0.1331857571702209
2019-09-06,-0.1360771424383815
2019-09-09,-0.1335649672948069
2019-09-10,-0.1385689159618665
2019-09-11,-0.1423747320781444
2019-09-12,-0.1407907381388228
2019-09-13,-0.1440103330782896
2019-09-16,-0.1678174141906214
2019-09-17,-0.1740310398695684
2019-09-18,-0.1760266693954036
2019-09-19,-0.1754442055155167
2019-09-20,-0.1752415358729241
2019-09-23,-0.1736244352248952
2019-09-24,-0.1766263369309227
2019-09-25,-0.1813532280121687
2019-09-26,-0.1783297228140805
2019-09-27,-0.1789011730530588
2019-09-30,-0.1751036376290353
2019-10-01,-0.1727377930174558
2019-10-02,-0.1749776774291749
2019-10-03,-0.1754825847667828
2019-10-04,-0.1781537099519797
2019-10-07,-0.1802363789575357
2019-10-08,-0.1798065848623767
2019-10-09,-0.179719074174415
2019-10-10,-0.1832837057767998
2019-10-11,-0.185563663643027
2019-10-14,-0.1875858936770821
2019-10-15,-0.1873905145215755
2019-10-16,-0.1885749910865141
2019-10-17,-0.1896492462222258
2019-10-18,-0.1896761565871259
2019-10-21,-0.1849150424333189
2019-10-22,-0.1864081487431339
2019-10-23,-0.1887187055419824
2019-10-24,-0.1898346017583705
2019-10-25,-0.1887794927205751
2019-10-28,-0.1979246775559835
2019-10-29,-0.19899175694929
2019-10-30,-0.1958583685098973
2019-10-31,-0.1980444781046698
2019-11-01,-0.1962878206989535
2019-11-04,-0.1862096819139908
2019-11-05,-0.1854289919281283
2019-11-06,-0.1874823064574453
2019-11-07,-0.1885718171660807
2019-11-08,-0.1929395397183526
2019-11-11,-0.2016392102546267
2019-11-12,-0.2010261428624045
2019-11-13,-0.2053949041992326
2019-11-14,-0.2069549344669465
2019-11-15,-0.2034706914215274
2019-11-18,-0.2063138372152193
2019-11-19,-0.2057744971713362
2019-11-20,-0.2079011833449471
2019-11-21,-0.2052827296830935
2019-11-22,-0.2068674017660827
2019-11-25,-0.2075930441747767
2019-11-26,-0.2068862962431193
2019-11-27,-0.2062795789793012
2019-11-28,-0.2065125235087002
2019-11-29,-0.2136718773556724
2019-12-02,-0.220081929908504
2019-12-03,-0.2259981476450814
2019-12-04,-0.2229885135307284
2019-12-05,-0.222789904004578
2019-12-06,-0.2182523670047662
2019-12-09,-0.2165433966455461
2019-12-10,-0.2165016827092714
2019-12-11,-0.2155664005851055
2019-12-12,-0.2113973391833319
2019-12-13,-0.207684244249627
2019-12-16,-0.2022712959204012
2019-12-17,-0.2016075833956628
2019-12-18,-0.2019174755135504
2019-12-19,-0.1998808002950794
2019-12-20,-0.2022973576459855
2019-12-23,-0.200535411506885
2019-12-24,-0.1979564012092103
2019-12-25,-0.1980161274545477
2019-12-26,-0.1960212418996252
2019-12-27,-0.1960563947766526
2019-12-30,-0.1967016569477885
2019-12-31,-0.2016965998315864
2020-01-01,-0.2008258218943914
2020-01-02,-0.1968080891453849
2020-01-03,-0.1951428579517891
2020-01-06,-0.1944661609251059
2020-01-07,-0.19476815765498
2020-01-08,-0.2005704474653923
2020-01-09,-0.2010875143066878
2020-01-10,-0.2032760368110597
2020-01-13,-0.2057041875307519
2020-01-14,-0.2066596306397302
2020-01-15,-0.2095456918861535
2020-01-16,-0.2055005960058151
2020-01-17,-0.2005256923105046
2020-01-20,-0.2022501652917199
2020-01-21,-0.2028885025571769
2020-01-22,-0.2066417378646188
2020-01-23,-0.2092461451754896
2020-01-24,-0.2060253209476673
2020-01-27,-0.2072502754941828
2020-01-28,-0.2073790780651014
2020-01-29,-0.2057819626090633
2020-01-30,-0.2002061488117998
2020-01-31,-0.2020329409551655
2020-02-03,-0.1948211192591634
2020-02-04,-0.1986890505843007
2020-02-05,-0.201218272873705
2020-02-06,-0.1984849235971834
2020-02-07,-0.1947603912534294
2020-02-10,-0.1909729521020787
2020-02-11,-0.1936259100238992
2020-02-12,-0.1957114150641274
2020-02-13,-0.1969623139464934
2020-02-14,-0.1987021638558621
2020-02-17,-0.1975653140737404
2020-02-18,-0.2030485879009502
2020-02-19,-0.2033459812826089
2020-02-20,-0.2042194998926276
2020-02-21,-0.2039348100945204
2020-02-24,-0.2030629313639048
2020-02-25,-0.2020279350718218
2020-02-26,-0.1996781552953201
2020-02-27,-0.1901890641990723
2020-02-28,-0.1837852351989278
2020-03-02,-0.1963128245728792
2020-03-03,-0.1958883911725496
2020-03-04,-0.1980905395304847
2020-03-05,-0.1902876274040084
2020-03-06,-0.1700199950641281
2020-03-09,-0.1307513979111314
2020-03-10,-0.1446806972937339
2020-03-11,-0.1400889714234775
2020-03-12,-0.1250836437745675
2020-03-13,-0.1326392955221643
2020-03-16,-0.1149281184385787
2020-03-17,-0.1149133055704328
2020-03-18,-0.0957536190522895
2020-03-19,-0.1061428801498459
2020-03-20,-0.100754266125223
2020-03-23,-0.0995571442152349
2020-03-24,-0.1115097672822456
2020-03-25,-0.1158706077940051
2020-03-26,-0.1154525777495314
2020-03-27,-0.1117294335601684
2020-03-30,-0.1103809587864338
2020-03-31,-0.1130099861495413
2020-04-01,-0.1099028349652155
2020-04-02,-0.1186686341060727
2020-04-03,-0.1223452603934344
2020-04-06,-0.1265547331606669
2020-04-07,-0.1282180344719721
2020-04-08,-0.1318058030440868
2020-04-09,-0.1281163304327086
2020-04-10,-0.1284707415500461
2020-04-13,-0.1287056916202746
2020-04-14,-0.1253114128080104
2020-04-15,-0.1206872324347835
2020-04-16,-0.1225790528346681
2020-04-17,-0.1253681223566539
2020-04-20,-0.0670293340443233
2020-04-21,-0.0519330640855503
2020-04-22,-0.0559802851981502
2020-04-23,-0.0584775467403798
2020-04-24,-0.058660260750654
2020-04-27,-0.0586897788642747
2020-04-28,-0.0599019414134761
2020-04-29,-0.0644755462638247
2020-04-30,-0.0684408002748735
2020-05-01,-0.0697039464233059
2020-05-04,-0.0697916423710865
2020-05-05,-0.0746008065226637
2020-05-06,-0.0752531082464739
2020-05-07,-0.0745395538168256
2020-05-08,-0.076592300422037
2020-05-11,-0.0756069727720303
2020-05-12,-0.0761959237451336
2020-05-13,-0.0718435389068558
2020-05-14,-0.073185447107683
2020-05-15,-0.0730928096730242
2020-05-18,-0.0821165401499177
2020-05-19,-0.0817427098862689
2020-05-20,-0.0820863122220736
2020-05-21,-0.0832647693132457
2020-05-22,-0.0830909462109465
2020-05-25,-0.083811715390613
2020-05-26,-0.0886916944844334
2020-05-27,-0.0898617151829814
2020-05-28,-0.0940417010525244
2020-05-29,-0.0901019784669692
2020-06-01,-0.0903895369933835
2020-06-02,-0.0911269818452669
2020-06-03,-0.0919960160263633
2020-06-04,-0.0912511831734215
2020-06-05,-0.0910970196361361
2020-06-08,-0.0898500634068261
2020-06-09,-0.0894062236794835
2020-06-10,-0.0887903672802489
2020-06-11,-0.0953438713322956
2020-06-12,-0.0956498193589212
2020-06-15,-0.0959852615268126
2020-06-16,-0.0904596893556906
2020-06-17,-0.091740193887619
2020-06-18,-0.0920019803379411
2020-06-19,-0.0934285397495974
2020-06-22,-0.0912930390331535
2020-06-23,-0.0891788495925873
2020-06-24,-0.0890903644773594
2020-06-25,-0.0811493978261375
2020-06-26,-0.0854761316650725
2020-06-29,-0.0998305982777054
2020-06-30,-0.0939160948119871
2020-07-01,-0.0939703355510734
2020-07-02,-0.0919695461201977
2020-07-03,-0.0922122274270457
2020-07-06,-0.0874850459497562
2020-07-07,-0.0863564455889461
2020-07-08,-0.0833487962335466
2020-07-09,-0.0813867106421346
2020-07-10,-0.0796937019602904
2020-07-13,-0.0802318646431163
2020-07-14,-0.0796983133780545
2020-07-15,-0.0803367766869996
2020-07-16,-0.0809725097130041
2020-07-17,-0.0809851388896021
2020-07-20,-0.0763440496127465
2020-07-21,-0.0774946918647182
2020-07-22,-0.0761958758185219
2020-07-23,-0.0770355234032655
2020-07-24,-0.0796084007141045
2020-07-27,-0.0820418082845623
2020-07-28,-0.0829285100064998
2020-07-29,-0.0774895061441165
2020-07-30,-0.0773610390085289
2020-07-31,-0.0742399751544848
2020-08-03,-0.0748951811155914
2020-08-04,-0.0701877671422046
2020-08-05,-0.0687501694477872
2020-08-06,-0.0676758186404453
2020-08-07,-0.0678481109100779
2020-08-10,-0.0743797558557861
2020-08-11,-0.0828125656373968
2020-08-12,-0.0833641523407318
2020-08-13,-0.0842612047816445
2020-08-14,-0.0795340550475466
2020-08-17,-0.0774965503666754
2020-08-18,-0.0715709590996029
2020-08-19,-0.073284597716523
2020-08-20,-0.0769347001214644
2020-08-21,-0.0747771477724394
2020-08-24,-0.0737497290583759
2020-08-25,-0.0719627244342357
2020-08-26,-0.0691457475199449
2020-08-27,-0.0664295746103099
2020-08-28,-0.0627231131497575
2020-08-31,-0.0614136512691044
2020-09-01,-0.0631836897131713
2020-09-02,-0.0671767467296231
2020-09-03,-0.0731798429805334
2020-09-04,-0.0689955558629141
2020-09-07,-0.070396867360539
2020-09-08,-0.0855567644880455
2020-09-09,-0.082083696445983
2020-09-10,-0.089339077926747
2020-09-11,-0.0937994691817302
2020-09-14,-0.0905840390982629
2020-09-15,-0.086704134518015
2020-09-16,-0.0924917344830222
2020-09-17,-0.1068784284249733
2020-09-18,-0.1028015846795221
2020-09-21,-0.099447109859254
2020-09-22,-0.0981589523421587
2020-09-23,-0.1027978426660174
2020-09-24,-0.0979593959326332
2020-09-25,-0.1029054005957117
2020-09-28,-0.1061695592256479
2020-09-29,-0.1063589611944705
2020-09-30,-0.1063852537990847
2020-10-01,-0.1113401876864235
2020-10-02,-0.1173968523257501
2020-10-05,-0.1094352875966291
2020-10-06,-0.1161591080622821
2020-10-07,-0.1097874810413253
2020-10-08,-0.1081636962074518
2020-10-09,-0.1058172853020572
2020-10-12,-0.0980540298554796
2020-10-13,-0.1006100317542861
2020-10-14,-0.1106618950263245
2020-10-15,-0.1085194035464275
2020-10-16,-0.110238585805807
2020-10-19,-0.110700380699482
2020-10-20,-0.1054578961238627
2020-10-21,-0.1052142029415891
2020-10-22,-0.1064660333464121
2020-10-23,-0.1096661883967378
2020-10-26,-0.1114200389177031
2020-10-27,-0.1112625793166682
2020-10-28,-0.1118463421387335
2020-10-29,-0.1003141749381365
2020-10-30,-0.0990048034388395
2020-11-02,-0.1054749987022721
2020-11-03,-0.1143384103013812
2020-11-04,-0.1155163059391366
2020-11-05,-0.1170533297906606
2020-11-06,-0.1160899319717398
2020-11-09,-0.1151645288772973
2020-11-10,-0.1132914883175767
2020-11-11,-0.1116693218666006
2020-11-12,-0.1147410308619722
2020-11-13,-0.1146097030539843
2020-11-16,-0.1130685816266502
2020-11-17,-0.1145204291894141
2020-11-18,-0.1133524602457817
2020-11-19,-0.1151683093746299
2020-11-20,-0.1123993042137522
2020-11-23,-0.1103188623275635
2020-11-24,-0.1032394188972618
2020-11-25,-0.1005346368587778
2020-11-26,-0.1007844195173141
2020-11-27,-0.0994264859804786
2020-11-30,-0.1001703424556622
2020-12-01,-0.0994363040011386
2020-12-02,-0.0980092926195276
2020-12-03,-0.0972624772827757
2020-12-04,-0.0924622278996332
2020-12-07,-0.0959839642920462
2020-12-08,-0.0970605595568421
2020-12-09,-0.0972486084761986
2020-12-10,-0.092626131941203
2020-12-11,-0.0955102524252596
2020-12-14,-0.0939139032486755
2020-12-15,-0.0911350329799975
2020-12-16,-0.0895729435528692
2020-12-17,-0.0879076601303255
2020-12-18,-0.0848147010712676
2020-12-21,-0.0917872805473685
2020-12-22,-0.0943597850209539
2020-12-23,-0.0921710748364038
2020-12-24,-0.092405837950059
2020-12-25,-0.0924772322782557
2020-12-28,-0.0923346037565401
2020-12-29,-0.0920137859474665
2020-12-30,-0.0915376045055171
2020-12-31,-0.0913589755675637
2021-01-01,-0.0918430525355452
2021-01-04,-0.0931963305180938
2021-01-05,-0.0820059818705291
2021-01-06,-0.0754406147521824
2021-01-07,-0.0712827156083587
2021-01-08,-0.0689774303679733
2021-01-11,-0.0735060146894248
2021-01-12,-0.0708887937547489
2021-01-13,-0.0714702650795906
2021-01-14,-0.0695284512953477
2021-01-15,-0.076135095405769
2021-01-18,-0.0769151011111453
2021-01-19,-0.0767861041333245
2021-01-20,-0.0752237216036056
2021-01-21,-0.0748585552446379
2021-01-22,-0.0784320091002707
2021-01-25,-0.0784822751777242
2021-01-26,-0.0785126574497891
2021-01-27,-0.0816049948167575
2021-01-28,-0.0826762984437762
2021-01-29,-0.0857980483608807
2021-02-01,-0.0805215527876717
2021-02-02,-0.0773655298504505
2021-02-03,-0.0750105966458239
2021-02-04,-0.0702555339779177
2021-02-05,-0.068015499406394
2021-02-08,-0.064215195684511
2021-02-09,-0.062736877414782
2021-02-10,-0.0602047379176914
2021-02-11,-0.0598387206204044
2021-02-12,-0.0549567803866737
2021-02-15,-0.0530638658539531
2021-02-16,-0.0464574722378833
2021-02-17,-0.0441406792363112
2021-02-18,-0.0462177163042847
2021-02-19,-0.0438730582890023
2021-02-22,-0.0405807840246318
2021-02-23,-0.0398664701771308
2021-02-24,-0.0312575494643141
2021-02-25,-0.0315637700896351
2021-02-26,-0.0393807508634214
2021-03-01,-0.0397664610784924
2021-03-02,-0.0412019307939436
2021-03-03,-0.0375273815765865
2021-03-04,-0.0322444981962573
2021-03-05,-0.0234621907912918
2021-03-08,-0.021135243566657
2021-03-09,-0.0275932590008289
2021-03-10,-0.0259535233285738
2021-03-11,-0.0183130600673594
2021-03-12,-0.0168008477067563
2021-03-15,-0.0183237848899352
2021-03-16,-0.0204650887545446
2021-03-17,-0.020094425201757
2021-03-18,-0.0328467695256904
2021-03-19,-0.0312978850412434
2021-03-22,-0.0311805669437601
2021-03-23,-0.0429386952623556
2021-03-24,-0.0342117686404462
2021-03-25,-0.0420813736350907
2021-03-26,-0.0308342925018344
2021-03-29,-0.0273096004184963
2021-03-30,-0.0271165740660316
2021-03-31,-0.0313743675909503
2021-04-01,-0.0268804553344993
2021-04-02,-0.0273353719798367
2021-04-05,-0.0314946945820857
2021-04-06,-0.0337197604522646
2021-04-07,-0.036558859354341
2021-04-08,-0.036636265805019
2021-04-09,-0.036692697026494
2021-04-12,-0.0357497876337515
2021-04-13,-0.0376436215513049
2021-04-14,-0.0356471287211115
2021-04-15,-0.0363140578919837
2021-04-16,-0.0370831222620237
2021-04-19,-0.0351639301534344
2021-04-20,-0.0421939989309456
2021-04-21,-0.0442315899736299
2021-04-22,-0.0435787828761347
2021-04-23,-0.0398882136427408
2021-04-26,-0.0386407785158822
2021-04-27,-0.0294454250652724
2021-04-28,-0.030073867680829
2021-04-29,-0.0276784263583939
2021-04-30,-0.0309548333433917
2021-05-03,-0.0296604175523385
2021-05-04,-0.0289576372028549
2021-05-05,-0.0261311867611413
2021-05-06,-0.0280137410931889
2021-05-07,-0.0213093119812917
2021-05-10,-0.0226478628469353
2021-05-11,-0.0225154149795906
2021-05-12,-0.0208120111834033
2021-05-13,-0.026464949375111
2021-05-14,-0.0243569122384216
2021-05-17,-0.0187855824599465
2021-05-18,-0.0211953896243597
2021-05-19,-0.0339956160242708
2021-05-20,-0.0376133562697473
2021-05-21,-0.0417169106738792
2021-05-24,-0.0342287852314764
2021-05-25,-0.0351248671093279
2021-05-26,-0.0354405986665308
2021-05-27,-0.0327073923049241
2021-05-28,-0.0312158366246684
2021-05-31,-0.0320879202405604
2021-06-01,-0.0280687028950894
2021-06-02,-0.027194283376574
2021-06-03,-0.0311445298135512
2021-06-04,-0.02742029127594
2021-06-07,-0.027733941708097
2021-06-08,-0.0267984093856168
2021-06-09,-0.0278813560689298
2021-06-10,-0.0267144058188834
2021-06-11,-0.0228095731701193
2021-06-14,-0.020599959925779
2021-06-15,-0.0217746708653161
2021-06-16,-0.0226736524674402
2021-06-17,-0.022560106829276
2021-06-18,-0.0297831972663943
2021-06-21,-0.0280281383014215
2021-06-22,-0.0274375742612704
2021-06-23,-0.0279905484597379
2021-06-24,-0.023181345278594
2021-06-25,-0.019653990465984
2021-06-28,-0.0223033846683771
2021-06-29,-0.0197146246430696
2021-06-30,-0.0207356685809885
2021-07-01,-0.0168492522051725
2021-07-02,-0.0160061843008916
2021-07-05,-0.0162189544640122
2021-07-06,-0.0230811006220094
2021-07-07,-0.0258408454744233
2021-07-08,-0.0247085839411786
2021-07-09,-0.0255832330620306
2021-07-12,-0.0243250900451764
2021-07-13,-0.0242880679334431
2021-07-14,-0.0294684113500721
2021-07-15,-0.036226159209062
2021-07-16,-0.0306001179214463
2021-07-19,-0.0225729367147072
2021-07-20,-0.0178924040556327
2021-07-21,-0.0121452304588105
2021-07-22,-0.0088170775810827
2021-07-23,-0.0046883142278822
2021-07-26,-0.0008393895311149
2021-07-27,-0.0097860794455415
2021-07-28,-0.0065177770879225
2021-07-29,-0.0094556308110475
2021-07-30,-0.0158985238354627
2021-08-02,-0.0179775265711386
2021-08-03,-0.0113990113693626
2021-08-04,-0.0021989060444989
2021-08-05,-0.0019814755112778
2021-08-06,0.0
2021-08-09,0.0
2021-08-10,0.0
2021-08-11,-0.0017908839107019
2021-08-12,-0.0094265036449133
2021-08-13,-0.0152189879067415
2021-08-16,-0.0146399560706518
2021-08-17,-0.0189525172248216
2021-08-18,-0.0168169126760885
2021-08-19,-0.0196561556950433
2021-08-20,-0.019613099708131
2021-08-23,-0.0279119055188957
2021-08-24,-0.0334045763365076
2021-08-25,-0.0350754048275471
2021-08-26,-0.0205916720874076
2021-08-27,-0.0129767148074256
2021-08-30,-0.0173385711258298
2021-08-31,-0.0150017000204495
2021-09-01,-1.4943271950063064e-05
2021-09-02,-0.0001251397129974
2021-09-03,-0.0007378041230866
2021-09-06,-0.0009439698881604
2021-09-07,-0.0103364366919338
2021-09-08,0.0
2021-09-09,0.0
2021-09-10,-0.0163649752009346
2021-09-13,-0.0047602933503231
2021-09-14,-0.0038388891084073
2021-09-15,-0.0013724403591216
2021-09-16,-0.0027134870455371
2021-09-17,-0.0126553878272988
2021-09-20,-0.0179154536473086
2021-09-21,-0.0257812795161329
2021-09-22,-0.0349990856078341
2021-09-23,-0.0271509598498149
2021-09-24,-0.0235974113607659
2021-09-27,-0.0031007930605698
2021-09-28,0.0
2021-09-29,-0.0108151104585373
2021-09-30,0.0
2021-10-01,-0.0139931554069404
2021-10-04,-0.0093116805698282
2021-10-05,-0.0013184471795566
2021-10-06,-0.0099829055273044
2021-10-07,-0.0116057423733805
2021-10-08,-0.0108093986491877
2021-10-11,-0.0092997853010493
2021-10-12,-0.0077132139076724
2021-10-13,-0.0129042833314463
2021-10-14,-0.0152912479708294
2021-10-15,-0.0152183824252287
2021-10-18,-0.0194400727826297
2021-10-19,-0.0179832360971615
2021-10-20,-0.0162474131617033
2021-10-21,-0.0248503788464876
2021-10-22,-0.0230219048536262
2021-10-25,-0.0193450712866896
2021-10-26,-0.0187043735390425
2021-10-27,-0.0212778194860935
2021-10-28,-0.0264546504952873
2021-10-29,-0.0312690852244434
2021-11-01,-0.029583173189062
2021-11-02,-0.0286644521559411
2021-11-03,-0.0309898385042995
2021-11-04,-0.0318683100529888
2021-11-05,-0.0369633976048412
2021-11-08,-0.0380544429010222
2021-11-09,-0.0529334818526652
2021-11-10,-0.0656269820576086
2021-11-11,-0.0624612465559462
2021-11-12,-0.059812705005814
2021-11-15,-0.0604311481207913
2021-11-16,-0.0596641647537373
2021-11-17,-0.0568521976133928
2021-11-18,-0.0585679058010258
2021-11-19,-0.0611458054081399
2021-11-22,-0.070820999957478
2021-11-23,-0.071042096109581
2021-11-24,-0.070167065868117
2021-11-25,-0.0693618666645508
2021-11-26,-0.0764751675242325
2021-11-29,-0.0842313967993799
2021-11-30,-0.0739496845090388
2021-12-01,-0.0761933195623831
2021-12-02,-0.0771681021242748
2021-12-03,-0.0767798794028609
2021-12-06,-0.0830990391981505
2021-12-07,-0.0903122241328455
2021-12-08,-0.0922203075472589
2021-12-09,-0.0906174507775683
2021-12-10,-0.0918183638286476
2021-12-13,-0.0899825412317019
2021-12-14,-0.0872598405663681
2021-12-15,-0.0874583473005378
2021-12-16,-0.0930432471261549
2021-12-17,-0.0912162343484511
2021-12-20,-0.0879933084899364
2021-12-21,-0.096366844385648
2021-12-22,-0.1013468292282495
2021-12-23,-0.1014562602045335
2021-12-24,-0.1015354735888628
2021-12-27,-0.1059648239395735
2021-12-28,-0.1062074499297012
2021-12-29,-0.1055647993525132
2021-12-30,-0.0888482769557309
2021-12-31,-0.0945542299457585
2022-01-03,-0.0985625945952926
2022-01-04,-0.0935583386168944
2022-01-05,-0.099076241856466
2022-01-06,-0.10067867162353
2022-01-07,-0.1050939497013068
2022-01-10,-0.1118868795312959
2022-01-11,-0.1217017205850901
2022-01-12,-0.1194152521610133
2022-01-13,-0.1213949972400111
2022-01-14,-0.1231641576015484
2022-01-17,-0.1221919637186568
2022-01-18,-0.1209039845830017
2022-01-19,-0.1167334613406615
2022-01-20,-0.1135011058337578
2022-01-21,-0.1201281823478392
2022-01-24,-0.1222658489430691
2022-01-25,-0.1203962473848414
2022-01-26,-0.1297630123392383
2022-01-27,-0.1323005112234283
2022-01-28,-0.164402400234202
2022-01-31,-0.1690310038406419
2022-02-01,-0.179110513547344
2022-02-02,-0.1824509065360794
2022-02-03,-0.1822217167875603
2022-02-04,-0.1803484437936872
2022-02-07,-0.1805167034355389
2022-02-08,-0.1833268844748862
2022-02-09,-0.1838481569782851
2022-02-10,-0.1809612468008731
2022-02-11,-0.178882911732004
2022-02-14,-0.1769291576004775
2022-02-15,-0.1817663196599728
2022-02-16,-0.1788779697517727
2022-02-17,-0.1779870871162734
2022-02-18,-0.1782749858383627
2022-02-21,-0.1775144630875491
2022-02-22,-0.1728928775629447
2022-02-23,-0.1709822368522616
2022-02-24,-0.1682239474959522
2022-02-25,-0.1757904118442953
2022-02-28,-0.1696121653152009
2022-03-01,-0.1558845770992915
2022-03-02,-0.1515993503218675
2022-03-03,-0.1521839991079265
2022-03-04,-0.1353589326520085
2022-03-07,-0.1242614242127754
2022-03-08,-0.1161269741093475
2022-03-09,-0.1437296515902825
2022-03-10,-0.1440723897757054
2022-03-11,-0.140413102063172
2022-03-14,-0.1465042747926349
2022-03-15,-0.157189461167333
2022-03-16,-0.1637753798194748
2022-03-17,-0.1533984598729708
2022-03-18,-0.1546430106307532
2022-03-21,-0.1449169110661764
2022-03-22,-0.1465948521675326
2022-03-23,-0.1417966785902754
2022-03-24,-0.1430723056749062
2022-03-25,-0.1412333368285974
2022-03-28,-0.1477009533915653
2022-03-29,-0.1527198456487559
2022-03-30,-0.1488452020610033
2022-03-31,-0.1525492048166642
2022-04-01,-0.1551956650905173
2022-04-04,-0.15367522899325
2022-04-05,-0.1519361205733066
2022-04-06,-0.1504931839243545
2022-04-07,-0.1444589128307175
2022-04-08,-0.1453163908276051
2022-04-11,-0.1386287331174924
2022-04-12,-0.1364908893257953
2022-04-13,-0.132617925490123
2022-04-14,-0.1295955095039228
2022-04-15,-0.129151900626195
2022-04-18,-0.1260626792975949
2022-04-19,-0.1323950589657321
2022-04-20,-0.1359777184039245
2022-04-21,-0.1352102846692711
2022-04-22,-0.1390457169247326
2022-04-25,-0.1389067747989929
2022-04-26,-0.1337716511052775
2022-04-27,-0.1267478784284765
2022-04-28,-0.1328945515919192
2022-04-29,-0.1227129681143428
2022-05-02,-0.1157257752806906
2022-05-03,-0.1093545560542358
2022-05-04,-0.1067918154241991
2022-05-05,-0.1004123611055132
2022-05-06,-0.1007179220145149
2022-05-09,-0.1045465660073479
2022-05-10,-0.09977371202314
2022-05-11,-0.0976602999107406
2022-05-12,-0.0932220447411845
2022-05-13,-0.0974453136169106
2022-05-16,-0.0945696892177255
2022-05-17,-0.0959847671336389
2022-05-18,-0.0940766090542568
2022-05-19,-0.0946714919958626
2022-05-20,-0.0967272084627666
2022-05-23,-0.0964657886512091
2022-05-24,-0.0963725877907736
2022-05-25,-0.0956480635946687
2022-05-26,-0.0952182666472436
2022-05-27,-0.0996662063168026
2022-05-30,-0.0992786506973771
2022-05-31,-0.099293046273167
2022-06-01,-0.0984702871504982
2022-06-02,-0.1047413993106654
2022-06-03,-0.102041991377081
2022-06-06,-0.0980118643937856
2022-06-07,-0.0984305612873088
2022-06-08,-0.0989341054458274
2022-06-09,-0.0967813936841208
2022-06-10,-0.0916298524954641
2022-06-13,-0.084696586079905
2022-06-14,-0.0883424719292459
2022-06-15,-0.094450465303684
2022-06-16,-0.0897964349739847
2022-06-17,-0.0966618911700609
2022-06-20,-0.0958285734816843
2022-06-21,-0.0979859461744534
2022-06-22,-0.0962237440498168
2022-06-23,-0.0926425142890907
2022-06-24,-0.0973743366122221
2022-06-27,-0.0970752069430878
2022-06-28,-0.095615328454012
2022-06-29,-0.0973256796892694
2022-06-30,-0.0935363782504622
2022-07-01,-0.1002536766045224
2022-07-04,-0.0998619209984231
2022-07-05,-0.0929968261923837
2022-07-06,-0.0914758719451936
2022-07-07,-0.1021296983277453
2022-07-08,-0.1013654150536882
2022-07-11,-0.0987462742714451
2022-07-12,-0.0951030834662106
2022-07-13,-0.0954712346810687
2022-07-14,-0.0895936480999268
2022-07-15,-0.0921553165079492
2022-07-18,-0.1005545049877906
2022-07-19,-0.1041014521576102
2022-07-20,-0.1047779546335758
2022-07-21,-0.1071874653039089
2022-07-22,-0.1069092749982024
2022-07-25,-0.1087937706857988
2022-07-26,-0.1067978986572458
2022-07-27,-0.1121696679651306
2022-07-28,-0.1160313025702345
2022-07-29,-0.1200700376484834
2022-08-01,-0.1185131704422591
2022-08-02,-0.1200821396070623
2022-08-03,-0.1167880293759777
2022-08-04,-0.1162504775347442
2022-08-05,-0.1192428880645795
2022-08-08,-0.1217243927866497
2022-08-09,-0.1219877535822616
2022-08-10,-0.1236971347617192
2022-08-11,-0.1264003443426189
2022-08-12,-0.1253614921398833
2022-08-15,-0.1235692482498598
2022-08-16,-0.1207651755389409
2022-08-17,-0.1212134802335758
2022-08-18,-0.1234053997174171
2022-08-19,-0.1217469927043073
2022-08-22,-0.1186974774073819
2022-08-23,-0.1226696796591202
2022-08-24,-0.122983926612989
2022-08-25,-0.1221700647455666
2022-08-26,-0.122179506988773
2022-08-29,-0.1239750074218071
2022-08-30,-0.120058549125908
2022-08-31,-0.1156112683788239
2022-09-01,-0.1078490951248563
2022-09-02,-0.1105092130610858
2022-09-05,-0.1096274625160633
2022-09-06,-0.1088109279374212
2022-09-07,-0.1025185884889755
2022-09-08,-0.105771841286741
2022-09-09,-0.1139881358059831
2022-09-12,-0.1204321967483885
2022-09-13,-0.1193324749022496
2022-09-14,-0.1189445088508643
2022-09-15,-0.1145340588449539
2022-09-16,-0.1141995514491059
2022-09-19,-0.1151297533142517
2022-09-20,-0.110482950172945
2022-09-21,-0.1076080569082026
2022-09-22,-0.1039463084122913
2022-09-23,-0.0912744998966762
2022-09-26,-0.0823548509753491
2022-09-27,-0.0817672468405444
2022-09-28,-0.092203077842225
2022-09-29,-0.0898780884946273
2022-09-30,-0.0904473867810455
2022-10-03,-0.0966259957504912
2022-10-04,-0.1077022430258601
2022-10-05,-0.1086325727972886
2022-10-06,-0.10679738950782
2022-10-07,-0.1065927645080457
2022-10-10,-0.0973312417046279
2022-10-11,-0.0967954414527731
2022-10-12,-0.0925972759999586
2022-10-13,-0.0984003008731145
2022-10-14,-0.0919890070759673
2022-10-17,-0.0931318906987951
2022-10-18,-0.0906339799657047
2022-10-19,-0.0894693225716978
2022-10-20,-0.0887064687189873
2022-10-21,-0.0886526345735796
2022-10-24,-0.0928952117497443
2022-10-25,-0.0975131162644671
2022-10-26,-0.103268381132219
2022-10-27,-0.1025228097950812
2022-10-28,-0.1054615074308389
2022-10-31,-0.1098309134763003
2022-11-01,-0.1094870271590516
2022-11-02,-0.1127551007180983
2022-11-03,-0.1053455451427515
2022-11-04,-0.1161471496052937
2022-11-07,-0.1283991060616174
2022-11-08,-0.1337183284097702
2022-11-09,-0.1309520059232428
2022-11-10,-0.1379507561887661
2022-11-11,-0.1405525000651942
2022-11-14,-0.1383547021005809
2022-11-15,-0.1392031986415424
2022-11-16,-0.1405160846693811
2022-11-17,-0.1385597236804674
2022-11-18,-0.1355862594984569
2022-11-21,-0.1365287185343022
2022-11-22,-0.1373038451106312
2022-11-23,-0.1321946748702923
2022-11-24,-0.1302571520695548
2022-11-25,-0.1279184389676925
2022-11-28,-0.1308511590908255
2022-11-29,-0.1296094110499938
2022-11-30,-0.1320091290777142
2022-12-01,-0.1335351420685565
2022-12-02,-0.1307049808243734
2022-12-05,-0.1283559983969391
2022-12-06,-0.1270007573482711
2022-12-07,-0.1267073756946768
2022-12-08,-0.1266010488304521
2022-12-09,-0.1250430203786585
2022-12-12,-0.1312284036865149
2022-12-13,-0.1322807309415482
2022-12-14,-0.1354664034912628
2022-12-15,-0.1382402200934914
2022-12-16,-0.1383155066015319
2022-12-19,-0.1400172423285021
2022-12-20,-0.1365193504061619
2022-12-21,-0.1359976800343636
2022-12-22,-0.1368514286543385
2022-12-23,-0.1392232124413235
2022-12-26,-0.1390357306671287
2022-12-27,-0.1385073156825025
2022-12-28,-0.1366018231187495
2022-12-29,-0.1344879044510993
2022-12-30,-0.138028918677675
2023-01-02,-0.1361603544516798
2023-01-03,-0.1282750120101615
2023-01-04,-0.1218150772435795
2023-01-05,-0.1207595947262817
2023-01-06,-0.1187963923969723
2023-01-09,-0.1178756548624028
2023-01-10,-0.1170736051792289
2023-01-11,-0.1183098463824807
2023-01-12,-0.1168012350096262
2023-01-13,-0.1137166184139716
2023-01-16,-0.1136375508472163
2023-01-17,-0.1161229056318299
2023-01-18,-0.1127599938242953
2023-01-19,-0.1148632691157132
2023-01-20,-0.1103600113839816
2023-01-23,-0.1197374984456817
2023-01-24,-0.1134490431285428
2023-01-25,-0.1116454290219747
2023-01-26,-0.1090893590121799
2023-01-27,-0.1103269852969277
2023-01-30,-0.1057718481085109
2023-01-31,-0.1053052364493641
2023-02-01,-0.100200692656723
2023-02-02,-0.0974578854294258
2023-02-03,-0.0982179418775267
2023-02-06,-0.1034026574372425
2023-02-07,-0.1054506546221926
2023-02-08,-0.1047699911379053
2023-02-09,-0.1031160463995279
2023-02-10,-0.1086331718953439
2023-02-13,-0.1021514429455449
2023-02-14,-0.1090803941772251
2023-02-15,-0.1088146069630031
2023-02-16,-0.1035659778807585
2023-02-17,-0.1024867497862374
2023-02-20,-0.1025261536039211
2023-02-21,-0.0976954319170678
2023-02-22,-0.099014408959324
2023-02-23,-0.1041720149768563
2023-02-24,-0.1106307761584584
2023-02-27,-0.111024380329842
2023-02-28,-0.1122090295562285
2023-03-01,-0.1128174203800451
2023-03-02,-0.1129228806292419
2023-03-03,-0.1231557881736753
2023-03-06,-0.1067813032485364
2023-03-07,-0.1158816596498159
2023-03-08,-0.1151831497538727
2023-03-09,-0.115627709268802
2023-03-10,-0.1202885881491012
2023-03-13,-0.1260952563467614
2023-03-14,-0.121611475851215
2023-03-15,-0.1164748157753748
2023-03-16,-0.1195519216289453
2023-03-17,-0.112291704982013
2023-03-20,-0.1120035986201555
2023-03-21,-0.117752980232121
2023-03-22,-0.1189064521827439
2023-03-23,-0.1115275229180287
2023-03-24,-0.1126501763713568
2023-03-27,-0.1198162627868554
2023-03-28,-0.119447190398742
2023-03-29,-0.1168259474947429
2023-03-30,-0.1186339926628974
2023-03-31,-0.119476746651511
2023-04-03,-0.1234742001149357
2023-04-04,-0.1201839588633457
2023-04-05,-0.1228878980031003
2023-04-06,-0.1146222360309636
2023-04-07,-0.1148380127710553
2023-04-10,-0.1277765189670198
2023-04-11,-0.1287622944920462
2023-04-12,-0.1227397898340403
2023-04-13,-0.1139726799513484
2023-04-14,-0.1226752590454413
2023-04-17,-0.1345204504582005
2023-04-18,-0.1383134115521755
2023-04-19,-0.1317472906400613
2023-04-20,-0.1335103462772019
2023-04-21,-0.135337192887468
2023-04-24,-0.1359827699426573
2023-04-25,-0.1373486220039639
2023-04-26,-0.1333943515182996
2023-04-27,-0.1357616113377472
2023-04-28,-0.1374195759502769
2023-05-01,-0.1397264292547733
2023-05-02,-0.1333068025866111
2023-05-03,-0.1281218158446945
2023-05-04,-0.1263001707760123
2023-05-05,-0.1310219840098034
2023-05-08,-0.1340341651314293
2023-05-09,-0.135120186467715
2023-05-10,-0.1327413087036197
2023-05-11,-0.1312475612376167
2023-05-12,-0.1326255680435044
2023-05-15,-0.1353480192905771
2023-05-16,-0.1356360327586976
2023-05-17,-0.1407985433477023
2023-05-18,-0.1383309773497463
2023-05-19,-0.1383447595600583
2023-05-22,-0.1380523639303807
2023-05-23,-0.1401422083857377
2023-05-24,-0.1436775158279547
2023-05-25,-0.1382102960169422
2023-05-26,-0.140726533317252
2023-05-29,-0.1409834862509298
2023-05-30,-0.1396848838051366
2023-05-31,-0.1381653218680694
2023-06-01,-0.139406766633965
2023-06-02,-0.142369115370065
2023-06-05,-0.1462087915592783
2023-06-06,-0.1445053706089082
2023-06-07,-0.1469014433293517
2023-06-08,-0.1450485194980156
2023-06-09,-0.1425821931154851
2023-06-12,-0.1365638869399842
2023-06-13,-0.1398657597576619
2023-06-14,-0.1362392546918056
2023-06-15,-0.1390514749863302
2023-06-16,-0.1370524814948899
2023-06-19,-0.1371490518407423
2023-06-20,-0.1400935404040967
2023-06-21,-0.1399841932363326
2023-06-22,-0.1430570270246313
2023-06-23,-0.1488761655063739
2023-06-26,-0.1509808275251576
2023-06-27,-0.1442151456544939
2023-06-28,-0.1472135984441415
2023-06-29,-0.146240578629919
2023-06-30,-0.1445971850062809
2023-07-03,-0.141735106873543
2023-07-04,-0.1427187210030291
2023-07-05,-0.1485280871610885
2023-07-06,-0.155120444613423
2023-07-07,-0.1550917261071563
2023-07-10,-0.1549952141028229
2023-07-11,-0.1538257023041287
2023-07-12,-0.1548615471598836
2023-07-13,-0.1460978139412048
2023-07-14,-0.1459333180631196
2023-07-17,-0.1554712092090765
2023-07-18,-0.1530783327631155
2023-07-19,-0.1544289191938657
2023-07-20,-0.1605776556399416
2023-07-21,-0.1620560619558334
2023-07-24,-0.1614881402655168
2023-07-25,-0.1590677228306084
2023-07-26,-0.1615472539837565
2023-07-27,-0.1597793935374452
2023-07-28,-0.1587847173133041
2023-07-31,-0.1544764450756037
2023-08-01,-0.1570701346529719
2023-08-02,-0.1655888631863613
2023-08-03,-0.1613206479410071
2023-08-04,-0.1608103393436614
2023-08-07,-0.1611212528578304
2023-08-08,-0.1625851570452174
2023-08-09,-0.1628585630761502
2023-08-10,-0.1637129705016586
2023-08-11,-0.1622726955145504
2023-08-14,-0.1635354201673435
2023-08-15,-0.1656628762712105
2023-08-16,-0.1668180081723097
2023-08-17,-0.164239442261148
2023-08-18,-0.1636561231254555
2023-08-21,-0.1637376435072154
2023-08-22,-0.1640054966157681
2023-08-23,-0.169851358699298
2023-08-24,-0.171797095488036
2023-08-25,-0.1684571062682793
2023-08-28,-0.1680387582612672
2023-08-29,-0.170022834209763
2023-08-30,-0.1689800973067415
2023-08-31,-0.1664171167637753
2023-09-01,-0.1637700658776509
2023-09-04,-0.1630647444286478
2023-09-05,-0.1614640669681827
2023-09-06,-0.1604519142137068
2023-09-07,-0.1629569796912497
2023-09-08,-0.162285787602448
2023-09-11,-0.1659416652911041
2023-09-12,-0.1653378622899459
2023-09-13,-0.1654488067035394
2023-09-14,-0.1617975164522651
2023-09-15,-0.1621010187614524
2023-09-18,-0.1634139842540681
2023-09-19,-0.1632213050494618
2023-09-20,-0.1626554145245441
2023-09-21,-0.166031659774724
2023-09-22,-0.1667673561806512
2023-09-25,-0.1647001523281724
2023-09-26,-0.1594504350117397
2023-09-27,-0.1519127576536081
2023-09-28,-0.1569643846179288
2023-09-29,-0.158939082497773
2023-10-02,-0.1606148894574043
2023-10-03,-0.1550701001487889
2023-10-04,-0.162812799540609
2023-10-05,-0.1605576266060139
2023-10-06,-0.1550308811808737
2023-10-09,-0.1553716230916786
2023-10-10,-0.1602809748576535
2023-10-11,-0.164291441063542
2023-10-12,-0.1643863266248577
2023-10-13,-0.1729612715914299
2023-10-16,-0.1752747989257714
2023-10-17,-0.1742135455412011
2023-10-18,-0.1722883327687752
2023-10-19,-0.1704812610799035
2023-10-20,-0.1683410341157767
2023-10-23,-0.1740328619604482
2023-10-24,-0.1774574582118171
2023-10-25,-0.1726981895249616
2023-10-26,-0.1705783937729276
2023-10-27,-0.1731344038064158
2023-10-30,-0.1744030519680117
2023-10-31,-0.165293315391847
2023-11-01,-0.1708085993785302
2023-11-02,-0.177131612960087
2023-11-03,-0.176543437129417
2023-11-06,-0.1896044337912229
2023-11-07,-0.1961411725332147
2023-11-08,-0.1956564475176254
2023-11-09,-0.198596895776991
2023-11-10,-0.1964524207827016
2023-11-13,-0.1922454408366649
2023-11-14,-0.1976074674848916
2023-11-15,-0.1964755149458524
2023-11-16,-0.2011227184392212
2023-11-17,-0.20613971850508
2023-11-20,-0.20974532126138
2023-11-21,-0.2119937072905414
2023-11-22,-0.2136367741131351
2023-11-23,-0.2147996917252634
2023-11-24,-0.2149512335774672
2023-11-27,-0.2155366979541885
2023-11-28,-0.2164259896889305
2023-11-29,-0.2148986851754727
2023-11-30,-0.2174787197575549
2023-12-01,-0.2128365688214086
2023-12-04,-0.2149792745770073
2023-12-05,-0.2145708292488362
2023-12-06,-0.2087150760088706
2023-12-07,-0.2075337455781941
2023-12-08,-0.2119729347236356
2023-12-11,-0.2132784128789832
2023-12-12,-0.2088811953540623
2023-12-13,-0.2085983882769561
2023-12-14,-0.2110756921123424
2023-12-15,-0.2118886101947281
2023-12-18,-0.2145932247570621
2023-12-19,-0.2146397908308203
2023-12-20,-0.2172611395920022
2023-12-21,-0.2201284570484779
2023-12-22,-0.2188144069769432
2023-12-25,-0.2189770421060557
2023-12-26,-0.2228292028179211
2023-12-27,-0.2189237730059419
2023-12-28,-0.2144407607471905
2023-12-29,-0.2151695755435044
2024-01-01,-0.2150710931949863
2024-01-02,-0.2150178660366667
2024-01-03,-0.2244728917795865
2024-01-04,-0.2249483715459862
2024-01-05,-0.2318514008064199
2024-01-08,-0.2271707569967677
2024-01-09,-0.2264607240696081
2024-01-10,-0.2298292860763422
2024-01-11,-0.2298512657985363
2024-01-12,-0.2260240174081944
2024-01-15,-0.2266715666467077
2024-01-16,-0.2373190701954695
2024-01-17,-0.238547318566083
2024-01-18,-0.2414069485152488
2024-01-19,-0.2424214712999604
2024-01-22,-0.2451044367981676
2024-01-23,-0.2472717045267048
2024-01-24,-0.2481907849780987
2024-01-25,-0.2480531642326966
2024-01-26,-0.2493213559028441
2024-01-29,-0.2498649598025123
2024-01-30,-0.250126836955637
2024-01-31,-0.2532689815228377
2024-02-01,-0.2500803009824157
2024-02-02,-0.2545110394374886
2024-02-05,-0.2577078928746942
2024-02-06,-0.2572108424588437
2024-02-07,-0.257230053872854
2024-02-08,-0.2542212175317397
2024-02-09,-0.2495953627592056
2024-02-12,-0.2494875125495246
2024-02-13,-0.2482017275656644
2024-02-14,-0.2468452423841111
2024-02-15,-0.2463488545823182
2024-02-16,-0.2467569583402419
2024-02-19,-0.24654099242306
2024-02-20,-0.2456549899860338
2024-02-21,-0.2505798057891067
2024-02-22,-0.2459251142826501
2024-02-23,-0.2462333280603322
2024-02-26,-0.2530681628382512
2024-02-27,-0.2507185961359283
2024-02-28,-0.2550148386087719
2024-02-29,-0.2546804863020536
2024-03-01,-0.2531957670384128
2024-03-04,-0.2536079051730528
2024-03-05,-0.2545727520270778
2024-03-06,-0.2518195689163814
2024-03-07,-0.2495446297768681
2024-03-08,-0.2521214457530034
2024-03-11,-0.2512349143802477
2024-03-12,-0.246726191952157
2024-03-13,-0.2410002715556106
2024-03-14,-0.241737671505109
2024-03-15,-0.2410332383199753
2024-03-18,-0.2392897457390945
2024-03-19,-0.2389615462192192
2024-03-20,-0.2387965663794755
2024-03-21,-0.2364933614969553
2024-03-22,-0.2381930457026899
2024-03-25,-0.2360818206500141
2024-03-26,-0.2358414396186623
2024-03-27,-0.2367189432697943
2024-03-28,-0.2334245776265607
2024-03-29,-0.2332442281460414
2024-04-01,-0.2322978818713476
2024-04-02,-0.2306093144755209
2024-04-03,-0.2263310333155813
2024-04-04,-0.2237628927510683
2024-04-05,-0.2237478588791031
2024-04-08,-0.2231155674203314
2024-04-09,-0.2259463255216347
2024-04-10,-0.224168266834283
2024-04-11,-0.2259522736368632
2024-04-12,-0.2261184021606588
2024-04-15,-0.2227858978244519
2024-04-16,-0.2262113810272926
2024-04-17,-0.2296099995151275
2024-04-18,-0.2275951343112511
2024-04-19,-0.2253372852068937
2024-04-22,-0.2257759749334759
2024-04-23,-0.2213691048826159
2024-04-24,-0.2244742039771882
2024-04-25,-0.2211793300195078
2024-04-26,-0.2193188306642461
2024-04-29,-0.2249237242395952
2024-04-30,-0.2325234701897204
2024-05-01,-0.2429129978593199
2024-05-02,-0.2445943544300911
2024-05-03,-0.2438070071160015
2024-05-06,-0.2406661143758411
2024-05-07,-0.2381358289763575
2024-05-08,-0.2388358982911586
2024-05-09,-0.2365729176633351
2024-05-10,-0.2318418681627451
2024-05-13,-0.2306696477368298
2024-05-14,-0.2298497494847811
2024-05-15,-0.2272200777574983
2024-05-16,-0.2273749851023276
2024-05-17,-0.2187556535926567
2024-05-20,-0.2123621509905283
2024-05-21,-0.2152464530351872
2024-05-22,-0.2125057374727648
2024-05-23,-0.2154704591888286
2024-05-24,-0.2178198121164122
2024-05-27,-0.2174755881500448
2024-05-28,-0.2178976179446934
2024-05-29,-0.2255529620667387
2024-05-30,-0.2226259659942024
2024-05-31,-0.2230281607392825
2024-06-03,-0.2164555659309337
2024-06-04,-0.2214486038729465
2024-06-05,-0.2196036641318954
2024-06-06,-0.2184072187987129
2024-06-07,-0.2228404215406664
2024-06-10,-0.2222487915625592
2024-06-11,-0.2157396027625162
2024-06-12,-0.2158541153870296
2024-06-13,-0.2227703410218927
2024-06-14,-0.2251874499820332
2024-06-17,-0.2296140873713004
2024-06-18,-0.226275158308193
2024-06-19,-0.2262968177818494
2024-06-20,-0.2269078256288655
2024-06-21,-0.2306942317278626
2024-06-24,-0.2285084986224874
2024-06-25,-0.2313264707799548
2024-06-26,-0.2328201565350433
2024-06-27,-0.2306853310618117
2024-06-28,-0.2325760837528503
2024-07-01,-0.2330023977109471
2024-07-02,-0.2332976538829396
2024-07-03,-0.2312523634743108
2024-07-04,-0.2314218916736002
2024-07-05,-0.2302690149208547
2024-07-08,-0.2342902125789142
2024-07-09,-0.2367378907869201
2024-07-10,-0.2326483099156863
2024-07-11,-0.2308979802821011
2024-07-12,-0.2319141362488969
2024-07-15,-0.2327020399816584
2024-07-16,-0.232528194041563
2024-07-17,-0.2297017714342754
2024-07-18,-0.2315835353754666
2024-07-19,-0.24023418187825
2024-07-22,-0.2409242047861056
2024-07-23,-0.2365719580587664
2024-07-24,-0.2433491366961581
2024-07-25,-0.246798396502234
2024-07-26,-0.2459733420274776
2024-07-29,-0.2431172516980628
2024-07-30,-0.2423520389087793
2024-07-31,-0.2458963295665663
2024-08-01,-0.239818454417189
2024-08-02,-0.2372918580138741
2024-08-05,-0.231546136407874
2024-08-06,-0.2345452395477303
2024-08-07,-0.2385575381123871
2024-08-08,-0.2417103387165947
2024-08-09,-0.2436720857140092
2024-08-12,-0.2482164109306142
2024-08-13,-0.2454169360996513
2024-08-14,-0.2437169189142373
2024-08-15,-0.2498055816974449
2024-08-16,-0.2447134367533887
2024-08-19,-0.2373842468279918
2024-08-20,-0.2356314977729897
2024-08-21,-0.2303030057820063
2024-08-22,-0.2363803693540501
2024-08-23,-0.2365331391442943
2024-08-26,-0.2403897673867471
2024-08-27,-0.2378641770319222
2024-08-28,-0.2373871776212458
2024-08-29,-0.2409984692106593
2024-08-30,-0.2394096786585238
2024-09-02,-0.2404321292372848
2024-09-03,-0.232409468434092
2024-09-04,-0.2293806607348307
2024-09-05,-0.2287841273336295
2024-09-06,-0.2246175553789626
2024-09-09,-0.2285619297588422
2024-09-10,-0.2223601705386972
2024-09-11,-0.2274340952685887
2024-09-12,-0.232222758853504
2024-09-13,-0.2303619203935577
2024-09-16,-0.233077850498208
2024-09-17,-0.2354037142852124
2024-09-18,-0.2369725741189602
2024-09-19,-0.2395057696844709
2024-09-20,-0.2375146151955071
2024-09-23,-0.2342888826119199
2024-09-24,-0.2350934684166217
2024-09-25,-0.2317449342606541
2024-09-26,-0.2286848408702969
2024-09-27,-0.2271110996315097
2024-09-30,-0.2285337958452467
2024-10-01,-0.2307664900819498
2024-10-02,-0.232660655191311
2024-10-03,-0.2387868332930646
2024-10-04,-0.2435172889229884
2024-10-07,-0.2489685384083404
2024-10-08,-0.2521893952913779
2024-10-09,-0.2548777042045361
2024-10-10,-0.2540091575273222
2024-10-11,-0.2539701008683993
2024-10-14,-0.2597686333555993
2024-10-15,-0.2609223970185417
2024-10-16,-0.2613268635435576
2024-10-17,-0.2608404874259861
2024-10-18,-0.2572616567441113
2024-10-21,-0.2597366655775353
2024-10-22,-0.2609591558687021
2024-10-23,-0.2610737111343889
2024-10-24,-0.2592994348410169
2024-10-25,-0.2606401056291187
2024-10-28,-0.2700231818594569
2024-10-29,-0.2678507539651991
2024-10-30,-0.2701136628448666
2024-10-31,-0.2752051548764249
2024-11-01,-0.2753184111719424
2024-11-04,-0.2775054359395394
2024-11-05,-0.2814768856802233
2024-11-06,-0.2781849894672163
2024-11-07,-0.2814558329532043
2024-11-08,-0.2838912758563631
2024-11-11,-0.282452904850357
2024-11-12,-0.2788746471016048
2024-11-13,-0.2769551281656937
2024-11-14,-0.2789411002961441
2024-11-15,-0.2757174314559659
2024-11-18,-0.2795241033558745
2024-11-19,-0.280409143518699
2024-11-20,-0.2782849927475442
2024-11-21,-0.2780241572628078
2024-11-22,-0.2800319712707801
2024-11-25,-0.2744555597213798
2024-11-26,-0.2717368478058015
2024-11-27,-0.2747862981184779
2024-11-28,-0.2758667243489212
2024-11-29,-0.2753006614379454
2024-12-02,-0.275947339306385
2024-12-03,-0.2803163236113024
2024-12-04,-0.2804666431001152
2024-12-05,-0.2799861472344971
2024-12-06,-0.2791776607948636
2024-12-09,-0.2823014357679586
2024-12-10,-0.2829367819105968
2024-12-11,-0.2811157758973497
2024-12-12,-0.2808440681443662
2024-12-13,-0.2861149311681418
2024-12-16,-0.286649712898165
2024-12-17,-0.2842101573072916
2024-12-18,-0.2865425281699449
2024-12-19,-0.2797890411282857
2024-12-20,-0.2791348104499305
2024-12-23,-0.2792687046710016
2024-12-24,-0.2792434307352118
2024-12-25,-0.2793659570121908
2024-12-26,-0.2875585574991258
2024-12-27,-0.2907627048214591
2024-12-30,-0.276119663419392
2024-12-31,-0.2843253635323227
2025-01-02,-0.2834266261002851
2025-01-03,-0.2947832126880785
2025-01-06,-0.2869855744766013
2025-01-07,-0.295000089382037
2025-01-08,-0.2877089089580379
2025-01-09,-0.2855657944419444
2025-01-10,-0.2736084758514213
2025-01-13,-0.2713832159188389
2025-01-14,-0.2727878599226701
2025-01-15,-0.2725683848870837
2025-01-16,-0.2734057481995657
2025-01-17,-0.2777723124697898
2025-01-20,-0.2771511771432184
2025-01-21,-0.2812976648039813
2025-01-22,-0.2797367863856977
2025-01-23,-0.2802250134346087
2025-01-24,-0.2781351176275698
2025-01-27,-0.291496132265553
2025-01-28,-0.2984687502761369
2025-01-29,-0.2952382325884287
2025-01-30,-0.3096060629838451
2025-01-31,-0.309511599266777
2025-02-03,-0.3072692429207595
2025-02-04,-0.3107900633807471
2025-02-05,-0.3064600596454616
2025-02-06,-0.3019251656391453
2025-02-07,-0.3012589401605259
2025-02-10,-0.2992340467809382
2025-02-11,-0.2970087560942867
2025-02-12,-0.2938719213213762
2025-02-13,-0.293132329820692
2025-02-14,-0.2952965206591879
2025-02-17,-0.2942006357432822
2025-02-18,-0.2920336809147038
2025-02-19,-0.292511073250718
2025-02-20,-0.2947635203866361
2025-02-21,-0.2919444881689876
2025-02-24,-0.29391938766889
2025-02-25,-0.2910427097118457
2025-02-26,-0.2872016844065921
2025-02-27,-0.2889823493400562
2025-02-28,-0.2909965478534929
2025-03-03,-0.2841260271005492
2025-03-04,-0.2867583228768963
2025-03-05,-0.2793473858041071
2025-03-06,-0.2781167191680852
2025-03-07,-0.2811096762653317
2025-03-10,-0.279809942397682
2025-03-11,-0.2796292039736732
2025-03-12,-0.2814180964482583
2025-03-13,-0.27767093477851
2025-03-14,-0.2805750854508499
2025-03-17,-0.2811284363945201
2025-03-18,-0.2759812462549923
2025-03-19,-0.2754775470477169
2025-03-20,-0.2794845916435117
2025-03-21,-0.2806893615757194
2025-03-24,-0.2838834443938643
2025-03-25,-0.2821737784533644
2025-03-26,-0.2828557501432561
2025-03-27,-0.2846244429830573
2025-03-28,-0.280236933162015
2025-03-31,-0.2797069997614724
2025-04-01,-0.2841548404723223
2025-04-02,-0.2820507310132508
2025-04-03,-0.2821810297421164
2025-04-04,-0.2739896950533577
2025-04-07,-0.2704723251366239
2025-04-08,-0.2703225510642538
2025-04-09,-0.2788503274109549
2025-04-10,-0.2780360984257337
2025-04-11,-0.2782875003440284
2025-04-14,-0.2815539769390603
2025-04-15,-0.2816474818648823
2025-04-16,-0.279604949070518
2025-04-17,-0.2830282056459606
2025-04-21,-0.2758991283015068
2025-04-22,-0.2782975728908898
2025-04-23,-0.2823735511044978
2025-04-24,-0.2833029703348407
2025-04-25,-0.2849859538311927
2025-04-28,-0.2836000114454545
2025-04-29,-0.2809897862454159
2025-04-30,-0.2793975064984313
2025-05-01,-0.2841746322458239
2025-05-02,-0.2846405277497089
2025-05-05,-0.2795504082259488
2025-05-06,-0.2792439547071316
2025-05-07,-0.2781849560796858
2025-05-08,-0.2845867577957097
2025-05-09,-0.2854203820125913
2025-05-12,-0.2893462920256225
2025-05-13,-0.2916635716850457
2025-05-14,-0.2917172403912955
2025-05-15,-0.2876292669061216
2025-05-16,-0.2897764738532244
2025-05-19,-0.2882700636201107
2025-05-20,-0.2872169244606229
2025-05-21,-0.2840577252978095
2025-05-22,-0.2845071867145095
2025-05-23,-0.2844166479863151
2025-05-26,-0.2828540449538691
2025-05-27,-0.2837245354696822
2025-05-28,-0.2863914168485835
2025-05-29,-0.2879646738210081
2025-05-30,-0.2874435839201442
2025-06-02,-0.2859267719136774
2025-06-03,-0.2872601170592352
2025-06-04,-0.2861914593279185
2025-06-05,-0.2867048908344647
2025-06-06,-0.2884204890082721
2025-06-09,-0.2883374142021656
2025-06-10,-0.2889549925037771
2025-06-11,-0.2902191114682096
2025-06-12,-0.2890645049173098
2025-06-13,-0.2895037202790766
2025-06-16,-0.2914423688820657
2025-06-17,-0.2894783977505882
2025-06-18,-0.2890250093256364
2025-06-19,-0.2900039308017472
2025-06-20,-0.290337479578216
2025-06-23,-0.2981973410549084
2025-06-24,-0.2980362349416651
2025-06-25,-0.2976385791788407
2025-06-26,-0.2952912978638429
2025-06-27,-0.3071811427442585
2025-06-30,-0.3076419386242242
2025-07-01,-0.3075481535384053
2025-07-02,-0.3061670143286131
2025-07-03,-0.3067755758566519
2025-07-04,-0.3084389769521143
2025-07-07,-0.3087318633462063
2025-07-08,-0.3008599275763248
2025-07-09,-0.3002808973758196
2025-07-10,-0.3019058664836573
2025-07-11,-0.3025438562038756
2025-07-14,-0.3058495110715226
2025-07-15,-0.3081015537445831
2025-07-16,-0.3105209600931646
2025-07-17,-0.3096583204599197
2025-07-18,-0.3073959810485961
2025-07-21,-0.3071540413594756
2025-07-22,-0.3034030970988454
2025-07-23,-0.2973934667676239
2025-07-24,-0.2975058675570098
2025-07-25,-0.2990012892452982
2025-07-28,-0.298154895421571
2025-07-29,-0.3027981002835508
2025-07-30,-0.3024835160903187
2025-07-31,-0.321055152752267
2025-08-01,-0.3268343378249744
2025-08-04,-0.3233398172186946
2025-08-05,-0.3249499646481461
2025-08-06,-0.3268570829212157
2025-08-07,-0.3264202383235859
2025-08-08,-0.3235254555582487
2025-08-11,-0.3241342093442593
2025-08-12,-0.3235536396307057
2025-08-13,-0.3220579545351606
2025-08-14,-0.3228673950295418
2025-08-15,-0.3269538358498028
2025-08-18,-0.3267091432949763
2025-08-19,-0.3239930169252731
2025-08-20,-0.3251695155018402
2025-08-21,-0.326705487041
2025-08-22,-0.3226841748679404
2025-08-25,-0.323415396486705
2025-08-26,-0.3248899874604787
2025-08-27,-0.3294306188892352
2025-08-28,-0.3332740875437748
2025-08-29,-0.3353961190117897
2025-09-01,-0.3352394200412742
2025-09-02,-0.3349018740729663
2025-09-03,-0.3365842566359077
2025-09-04,-0.3367094279719017
2025-09-05,-0.3350447951627353
2025-09-08,-0.3353674712058186
2025-09-09,-0.3356254934549745
2025-09-10,-0.3329060055767294
2025-09-11,-0.3288068651452528
2025-09-12,-0.3287509223789373
2025-09-15,-0.3301080897550443
2025-09-16,-0.3332563493274226
2025-09-17,-0.3329163276882997
2025-09-18,-0.3279518381822698
2025-09-19,-0.3260766900287852
2025-09-22,-0.3235931885040787
2025-09-23,-0.3242036616770861
2025-09-24,-0.3265025399850134
2025-09-25,-0.3308049869761204
2025-09-26,-0.324739767789576
2025-09-29,-0.3341490649888746
2025-09-30,-0.3331404529465696
2025-10-01,-0.329008037151327
2025-10-02,-0.3270742343599461
2025-10-03,-0.3265170877261413
2025-10-06,-0.3273657161470107
2025-10-07,-0.3261120650709729
2025-10-08,-0.3223896241064607
2025-10-09,-0.3258919733246953
2025-10-10,-0.3276302417704787
2025-10-13,-0.3235286049103443
2025-10-14,-0.3196335968875594
2025-10-15,-0.3179968664900655
2025-10-16,-0.3128133911552644
2025-10-17,-0.3178551199825046
2025-10-20,-0.3141541261155626
2025-10-21,-0.32386754797586
2025-10-22,-0.3261552112150467
2025-10-23,-0.3310468011647149
2025-10-24,-0.3296310115933863
2025-10-27,-0.3328826559446648
2025-10-28,-0.3310704767321835
2025-10-29,-0.3305969979119952
2025-10-30,-0.3330711879542863
2025-10-31,-0.3281904209520041
2025-11-03,-0.3239027444154051
2025-11-04,-0.3245539605007101
2025-11-05,-0.3265106631783587
2025-11-06,-0.3260023763684448
2025-11-07,-0.3282729230759676
2025-11-10,-0.3229066582882577
2025-11-11,-0.3157827101489532
2025-11-12,-0.3140248150528616
2025-11-13,-0.3161520963282488
2025-11-14,-0.3223496363744583
2025-11-17,-0.3286374186738933
2025-11-18,-0.3301152950054079
2025-11-19,-0.3256452440500198
2025-11-20,-0.3267955304670346
2025-11-21,-0.3234510250851145
2025-11-24,-0.3250634750595964
2025-11-25,-0.3226304261649962
2025-11-26,-0.3213590538704122
2025-11-27,-0.3218126497470831
2025-11-28,-0.3165813812819883
2025-12-01,-0.3172900197804774
2025-12-02,-0.317445660265876
2025-12-03,-0.3156934530956852
2025-12-04,-0.3168671250403657
2025-12-05,-0.3157182531792016
2025-12-08,-0.3231009942064345
2025-12-09,-0.323892350122319
2025-12-10,-0.3226281639697217
2025-12-11,-0.319324635020689
2025-12-12,-0.3233400856277711
2025-12-15,-0.3183973783353009
2025-12-16,-0.3169374000095083
2025-12-17,-0.3161285165897336
2025-12-18,-0.3148909048910063
2025-12-19,-0.3143145340937834
2025-12-22,-0.3161650392355978
2025-12-23,-0.3151609765655899
2025-12-24,-0.3154374779592875
2025-12-26,-0.3086365015312314
2025-12-29,-0.3154707157384536
2025-12-30,-0.3140709239022348
2025-12-31,-0.3147050834762583
2026-01-02,-0.3138080825806555
2026-01-05,-0.3094322464817771
2026-01-06,-0.3052096943913119
2026-01-07,-0.307303883681732
2026-01-08,-0.3103943356407833
2026-01-09,-0.308688178328395
2026-01-12,-0.3134982082540292
2026-01-13,-0.3138224664929345
2026-01-14,-0.3037778190865733
2026-01-15,-0.3075796864187859
2026-01-16,-0.3086361283387673
2026-01-19,-0.3103397849693428
2026-01-20,-0.3367620942756852
2026-01-21,-0.3359843376706675
2026-01-22,-0.3311475319889667
2026-01-23,-0.3258595727006791
2026-01-26,-0.3179527013767631
2026-01-27,-0.3157472093495073
2026-01-28,-0.3102857946009498
2026-01-29,-0.3138655200972579
2026-01-30,-0.3255472300037768
2026-02-02,-0.3335787765175693
2026-02-03,-0.3295639983147925
2026-02-04,-0.3289428399015278
2026-02-05,-0.33291175631442
2026-02-06,-0.3306962091959498
2026-02-09,-0.3268612342754604
2026-02-10,-0.3285580535707406
2026-02-11,-0.3275269116338399
2026-02-12,-0.3307535260250287
2026-02-13,-0.3295203881937475
2026-02-16,-0.3293996027192333
2026-02-17,-0.330909931989603
2026-02-18,-0.3258577625039127
2026-02-19,-0.3258560055939942
2026-02-20,-0.3244559501580962
2026-02-23,-0.3237126163701447
2026-02-24,-0.3241452592846967
2026-02-25,-0.3231618846967417
2026-02-26,-0.3232334570704379
2026-02-27,-0.3208339812310575
2026-03-02,-0.3183217951406279
2026-03-03,-0.3198071055357692
2026-03-04,-0.3187702156900349
2026-03-05,-0.317199216113708
2026-03-06,-0.3109849563638118
2026-03-09,-0.3082914980060769
2026-03-10,-0.3134933388904874
2026-03-11,-0.3128219656625806
2026-03-12,-0.3078528138625644
2026-03-13,-0.3066348590198472
2026-03-16,-0.3093390295099899
2026-03-17,-0.3080937696525324
2026-03-18,-0.3089841009359979
2026-03-19,-0.3082947293762278
2026-03-20,-0.3053748300828021
2026-03-23,-0.3125327341130119
2026-03-24,-0.3097954984427317
2026-03-25,-0.3143875839664188
2026-03-26,-0.3068833395534754
2026-03-27,-0.3047299722023892
2026-03-30,-0.3038006807922122
2026-03-31,-0.3060803386431043
2026-04-01,-0.3148344111818683
2026-04-02,-0.3093956194905501
2026-04-03,-0.309084856172237
2026-04-06,-0.3086415856241897
2026-04-07,-0.3089087361865285
2026-04-08,-0.3203923048752291
2026-04-09,-0.3194730172484845
2026-04-10,-0.3199351595471251
2026-04-13,-0.3176691120638321
2026-04-14,-0.3198228806121447
2026-04-15,-0.3198297875400147
2026-04-16,-0.3178173856724616
2026-04-17,-0.3222467948225905
2026-04-20,-0.3206963661139134
2026-04-21,-0.3200431620638382
2026-04-22,-0.318245577793651
2026-04-23,-0.3165256131386075
2026-04-24,-0.3164980840100124
2026-04-27,-0.3154092899911536
2026-04-28,-0.314905398742049
2026-04-29,-0.3124398945881084
2026-04-30,-0.3142661052046011
2026-05-01,-0.3172532567871601
2026-05-04,-0.3162125298029974
2026-05-05,-0.3167277315128336
2026-05-06,-0.318834657044496
2026-05-07,-0.3197999446872783
2026-05-08,-0.3179181782741116
2026-05-11,-0.3169923841190841
2026-05-12,-0.3140415834360489
2026-05-13,-0.313573916180747
2026-05-14,-0.3139040570980344
2026-05-15,-0.3143081798115529
2026-05-18,-0.3119321713693
2026-05-19,-0.3136166579404883
2026-05-20,-0.3180591740875843
2026-05-21,-0.3197422918173485
2026-05-22,-0.3184675476006439
2026-05-25,-0.3185685640917187
2026-05-26,-0.3202927684922748
2026-05-27,-0.3243775795999691
2026-05-28,-0.3234761207215797
2026-05-29,-0.3253749303710853
2026-06-01,-0.3214895669424252
2026-06-02,-0.3195587433030962
2026-06-03,-0.3185344226937886
2026-06-04,-0.3219067524610566
2026-06-05,-0.3269328036351157
2026-06-08,-0.324706614262254
2026-06-09,-0.3245541215288566
2026-06-10,-0.3232111606317674
2026-06-11,-0.3206899595101432
2026-06-12,-0.3214182122029697
2026-06-15,-0.3212149536048683
2026-06-16,-0.321952883885966
2026-06-17,-0.3227333859779588
2026-06-18,-0.3197235038828584
2026-06-19,-0.3193002392987641
2026-06-22,-0.3182782595336281
2026-06-23,-0.3202578959772523
2026-06-24,-0.314493058641322
2026-06-25,-0.3164296588413073
2026-06-26,-0.314895451749887
2026-06-29,-0.3148820225149324
2026-06-30,-0.3123537945529226
2026-07-01,-0.3122509488864203
2026-07-02,-0.3131290026207126
2026-07-03,-0.3132262408104743
2026-07-06,-0.3139177235051602
2026-07-07,-0.3175055593126432
2026-07-08,-0.3213871544122204
2026-07-09,-0.3200142618332444
2026-07-10,-0.3180363248382382
2026-07-13,-0.3209106758422351
2026-07-14,-0.3232173701654228
2026-07-15,-0.3245503529110172
2026-07-16,-0.3201635275492986
2026-07-17,-0.3251660277636956
2026-07-20,-0.3217045306550642
2026-07-21,-0.3224440350082003
2026-07-22,-0.3229889565805601
2026-07-23,-0.3181615127229874
2026-07-24,-0.3190314048834352
2026-07-27,-0.3229884963734377
2026-07-28,-0.3205936084213689
2026-07-29,-0.3241409797608742
2026-07-30,-0.3277802922617023
2026-07-31,-0.3283807803197472
2026-08-03,-0.3303579998844538
2026-08-04,-0.3257863789706221
2026-08-05,-0.3276370028226529
2026-08-06,-0.3280008835120283
2026-08-07,-0.3315185817137771
2026-08-10,-0.3372193353189161
2026-08-11,-0.3368146579892878
2026-08-12,-0.3388875623692428
2026-08-13,-0.335672202617388
2026-08-14,-0.3355477314855897
2026-08-17,-0.3337983380271967
2026-08-18,-0.3415899069349269
2026-08-19,-0.3444252869183383
2026-08-20,-0.3408181749763823
2026-08-21,-0.3391348092000531
2026-08-24,-0.3398836040063302
2026-08-25,-0.3374679455907051
2026-08-26,-0.343517724824314
2026-08-27,-0.3487043520946556
2026-08-28,-0.3477467398309325
2026-08-31,-0.3507207866569024
2026-09-01,-0.353895929645617
2026-09-02,-0.3539771779640757
2026-09-03,-0.3568359832252228
2026-09-04,-0.3563478151021243
2026-09-07,-0.3565722054304605
2026-09-08,-0.3516026950405961
2026-09-09,-0.3492944019312552
2026-09-10,-0.3479747599607001
2026-09-11,-0.3502653919318454
2026-09-14,-0.3494779680415872
2026-09-15,-0.3457694747952183
2026-09-16,-0.3504497502669437
2026-09-17,-0.3522580654929872
2026-09-18,-0.3535381203837735
2026-09-21,-0.3574166703153939
2026-09-22,-0.3574132505812581
2026-09-23,-0.3571335562201063
2026-09-24,-0.3531075618592409
2026-09-25,-0.3554987298661273
2026-09-28,-0.3544787588919549
2026-09-29,-0.3578902455472145
2026-09-30,-0.3563584006387711
2026-10-01,-0.357687847035937
2026-10-02,-0.357732703430384
