Market,Asset Class,Position,Signal
US10Y,Rates,-0.0927694109406518,SHORT
US30Y,Rates,-0.0562040361889776,SHORT
BUND,Rates,-0.0092349672741099,SHORT
UKGILT,Other,-0.053431356950998,SHORT
SPX,Other,0.0535908476859431,LONG
NDX,Other,0.0476049271040737,LONG
SX5E,Other,0.0,FLAT
FTSE,Equities,-0.1104439965647203,SHORT
BRENT,Commodities,0.2116397713547373,LONG
WTI,Commodities,0.0,FLAT
GOLD,Commodities,-0.2116397713547373,SHORT
COPPER,Commodities,0.0,FLAT
NATGAS,Commodities,0.0,FLAT
EURUSD,FX,-0.096587879369784,SHORT
GBPUSD,FX,-0.0719838077203224,SHORT
USDJPY,FX,-0.0430680842646309,SHORT
